Workbook

Sheet 施設別電力使用量
A1: 対象施設別電力使用量
A2: No. | B2: 対象施設名 | C2: 電力使用量（kWh） | D2: 備考
A3: 1 | B3: 古平町立古平小学校 | C3: ='1.古平町立古平小学校'!AY368*0.5 -> 588001
A4: 2 | B4: 古平町立古平中学校 | C4: ='2.古平町立古平中学校'!AY368*0.5 -> 97880
A5: 3 | B5: 古平町立診療所海のまちクリニック | C5: ='3.古平町立診療所海のまちクリニック'!AY368*0.5 -> 142623
A6: 4 | B6: 古平町温泉保養センター （日本海ふるびら温泉しおかぜ） | C6: ='4.古平町温泉保養センター'!AY368*0.5 -> 172999
A7: 5 | B7: 古平町高齢者総合支援センター （元気プラザ） | C7: 79163.8 | D7: デマンドデータは隣接する地域福祉センターとの合算値
A8: 6 | B8: 古平町B&G海洋センター | C8: ='7.古平町B&G海洋センター'!AY368*0.5 -> 65895
A9: 7 | B9: 古平町一般廃棄物最終処分場 （古平町クリーンセンター） | C9: ='8.古平町一般廃棄物最終処分場'!AZ368*0.5 -> 132851
A10: 8-1 | B10: 認定こども園 ふるびら幼児センターみらい（電灯） | C10: ='9-1.認定こども園ふるびら幼児センターみらい（電灯）'!AY368*0.5 -> 22022.2
A11: 8-2 | B11: 認定こども園 ふるびら幼児センターみらい（動力） | C11: ='9-2.認定こども園ふるびら幼児センターみらい（動力）'!AY368*0.5 -> 10378.9
A12: 8-3 | B12: 認定こども園 ふるびら幼児センターみらい（融雪） | C12: ='9-3.認定こども園ふるびら幼児センターみらい（融雪）'!AY368*0.5 -> 5650.9
C13: 集計期間（2024/8/1-2025/7/31）

Sheet 1.古平町立古平小学校
A1: 古平町立古平小学校
A2: 日付 | B2: 曜日 | C2: 0.020833333 | D2: 0.041666667 | E2: 0.0625 | F2: 0.083333333 | G2: 0.10416667 | H2: 0.125 | I2: 0.14583333 | J2: 0.16666667 | K2: 0.1875 | L2: 0.20833333 | M2: 0.22916667 | N2: 0.25 | O2: 0.27083333 | P2: 0.29166667 | Q2: 0.3125 | R2: 0.33333333 | S2: 0.35416667 | T2: 0.375 | U2: 0.39583333 | V2: 0.41666667 | W2: 0.4375 | X2: 0.45833333 | Y2: 0.47916667 | Z2: 0.5 | AA2: 0.52083333 | AB2: 0.54166667 | AC2: 0.5625 | AD2: 0.58333333 | AE2: 0.60416667 | AF2: 0.625 | AG2: 0.64583333 | AH2: 0.66666667 | AI2: 0.6875 | AJ2: 0.70833333 | AK2: 0.72916667 | AL2: 0.75 | AM2: 0.77083333 | AN2: 0.79166667 | AO2: 0.8125 | AP2: 0.83333333 | AQ2: 0.85416667 | AR2: 0.875 | AS2: 0.89583333 | AT2: 0.91666667 | AU2: 0.9375 | AV2: 0.95833333 | AW2: 0.97916667 | AX2: 0 | AY2: 日別合計
A3: 45505 | B3: 木曜日 | C3: 34 | D3: 34 | E3: 40 | F3: 88 | G3: 56 | H3: 14 | I3: 14 | J3: 16 | K3: 14 | L3: 14 | M3: 14 | N3: 14 | O3: 16 | P3: 16 | Q3: 20 | R3: 20 | S3: 22 | T3: 20 | U3: 22 | V3: 20 | W3: 20 | X3: 22 | Y3: 22 | Z3: 24 | AA3: 20 | AB3: 22 | AC3: 24 | AD3: 24 | AE3: 26 | AF3: 28 | AG3: 24 | AH3: 24 | AI3: 26 | AJ3: 18 | AK3: 20 | AL3: 20 | AM3: 16 | AN3: 14 | AO3: 18 | AP3: 16 | AQ3: 14 | AR3: 18 | AS3: 14 | AT3: 16 | AU3: 68 | AV3: 100 | AW3: 66 | AX3: 28 | AY3: =SUM(C3:AX3) -> 1260
A4: 45506 | B4: 金曜日 | C4: 14 | D4: 18 | E4: 14 | F4: 14 | G4: 16 | H4: 16 | I4: 14 | J4: 16 | K4: 18 | L4: 14 | M4: 16 | N4: 18 | O4: 16 | P4: 16 | Q4: 20 | R4: 22 | S4: 22 | T4: 20 | U4: 24 | V4: 28 | W4: 24 | X4: 28 | Y4: 24 | Z4: 26 | AA4: 24 | AB4: 24 | AC4: 22 | AD4: 34 | AE4: 34 | AF4: 30 | AG4: 32 | AH4: 38 | AI4: 40 | AJ4: 30 | AK4: 16 | AL4: 20 | AM4: 16 | AN4: 14 | AO4: 20 | AP4: 16 | AQ4: 18 | AR4: 16 | AS4: 14 | AT4: 20 | AU4: 70 | AV4: 100 | AW4: 62 | AX4: 28 | AY4: =SUM(C4:AX4) -> 1196
A5: 45507 | B5: 土曜日 | C5: 14 | D5: 18 | E5: 16 | F5: 16 | G5: 16 | H5: 18 | I5: 14 | J5: 20 | K5: 14 | L5: 16 | M5: 20 | N5: 16 | O5: 18 | P5: 16 | Q5: 16 | R5: 20 | S5: 16 | T5: 24 | U5: 24 | V5: 36 | W5: 34 | X5: 34 | Y5: 28 | Z5: 28 | AA5: 26 | AB5: 28 | AC5: 30 | AD5: 32 | AE5: 30 | AF5: 30 | AG5: 30 | AH5: 34 | AI5: 28 | AJ5: 22 | AK5: 14 | AL5: 16 | AM5: 20 | AN5: 16 | AO5: 18 | AP5: 16 | AQ5: 18 | AR5: 16 | AS5: 16 | AT5: 18 | AU5: 70 | AV5: 102 | AW5: 60 | AX5: 22 | AY5: =SUM(C5:AX5) -> 1204
A6: 45508 | B6: 日曜日 | C6: 16 | D6: 18 | E6: 16 | F6: 14 | G6: 18 | H6: 16 | I6: 14 | J6: 18 | K6: 16 | L6: 14 | M6: 20 | N6: 16 | O6: 18 | P6: 16 | Q6: 18 | R6: 16 | S6: 16 | T6: 16 | U6: 16 | V6: 16 | W6: 18 | X6: 16 | Y6: 18 | Z6: 16 | AA6: 14 | AB6: 18 | AC6: 16 | AD6: 16 | AE6: 16 | AF6: 16 | AG6: 16 | AH6: 18 | AI6: 16 | AJ6: 18 | AK6: 14 | AL6: 16 | AM6: 18 | AN6: 14 | AO6: 16 | AP6: 14 | AQ6: 16 | AR6: 16 | AS6: 14 | AT6: 14 | AU6: 70 | AV6: 98 | AW6: 64 | AX6: 24 | AY6: =SUM(C6:AX6) -> 968
A7: 45509 | B7: 月曜日 | C7: 14 | D7: 14 | E7: 14 | F7: 14 | G7: 16 | H7: 14 | I7: 14 | J7: 14 | K7: 14 | L7: 18 | M7: 14 | N7: 16 | O7: 16 | P7: 16 | Q7: 16 | R7: 20 | S7: 16 | T7: 20 | U7: 22 | V7: 18 | W7: 18 | X7: 22 | Y7: 18 | Z7: 18 | AA7: 20 | AB7: 18 | AC7: 22 | AD7: 24 | AE7: 18 | AF7: 22 | AG7: 24 | AH7: 22 | AI7: 22 | AJ7: 24 | AK7: 14 | AL7: 16 | AM7: 14 | AN7: 18 | AO7: 14 | AP7: 14 | AQ7: 14 | AR7: 16 | AS7: 16 | AT7: 14 | AU7: 68 | AV7: 98 | AW7: 60 | AX7: 24 | AY7: =SUM(C7:AX7) -> 1012
A8: 45510 | B8: 火曜日 | C8: 16 | D8: 16 | E8: 16 | F8: 14 | G8: 18 | H8: 14 | I8: 16 | J8: 14 | K8: 18 | L8: 16 | M8: 14 | N8: 18 | O8: 16 | P8: 18 | Q8: 18 | R8: 22 | S8: 20 | T8: 26 | U8: 24 | V8: 26 | W8: 32 | X8: 50 | Y8: 46 | Z8: 50 | AA8: 36 | AB8: 34 | AC8: 30 | AD8: 26 | AE8: 24 | AF8: 28 | AG8: 24 | AH8: 24 | AI8: 26 | AJ8: 22 | AK8: 18 | AL8: 20 | AM8: 18 | AN8: 18 | AO8: 16 | AP8: 18 | AQ8: 16 | AR8: 14 | AS8: 18 | AT8: 16 | AU8: 20 | AV8: 32 | AW8: 28 | AX8: 88 | AY8: =SUM(C8:AX8) -> 1152
A9: 45511 | B9: 水曜日 | C9: 86 | D9: 56 | E9: 14 | F9: 14 | G9: 14 | H9: 12 | I9: 18 | J9: 14 | K9: 14 | L9: 14 | M9: 16 | N9: 14 | O9: 14 | P9: 16 | Q9: 18 | R9: 18 | S9: 20 | T9: 20 | U9: 20 | V9: 24 | W9: 30 | X9: 52 | Y9: 44 | Z9: 46 | AA9: 36 | AB9: 30 | AC9: 32 | AD9: 26 | AE9: 24 | AF9: 24 | AG9: 26 | AH9: 24 | AI9: 32 | AJ9: 28 | AK9: 24 | AL9: 22 | AM9: 24 | AN9: 22 | AO9: 16 | AP9: 20 | AQ9: 16 | AR9: 18 | AS9: 18 | AT9: 18 | AU9: 68 | AV9: 104 | AW9: 64 | AX9: 30 | AY9: =SUM(C9:AX9) -> 1354
A10: 45512 | B10: 木曜日 | C10: 16 | D10: 18 | E10: 16 | F10: 16 | G10: 18 | H10: 16 | I10: 18 | J10: 16 | K10: 16 | L10: 18 | M10: 16 | N10: 20 | O10: 16 | P10: 20 | Q10: 18 | R10: 20 | S10: 22 | T10: 24 | U10: 22 | V10: 24 | W10: 20 | X10: 42 | Y10: 62 | Z10: 48 | AA10: 28 | AB10: 30 | AC10: 30 | AD10: 28 | AE10: 28 | AF10: 28 | AG10: 32 | AH10: 28 | AI10: 30 | AJ10: 24 | AK10: 22 | AL10: 16 | AM10: 16 | AN10: 20 | AO10: 16 | AP10: 18 | AQ10: 16 | AR10: 18 | AS10: 18 | AT10: 18 | AU10: 18 | AV10: 14 | AW10: 20 | AX10: 16 | AY10: =SUM(C10:AX10) -> 1074
A11: 45513 | B11: 金曜日 | C11: 18 | D11: 16 | E11: 18 | F11: 16 | G11: 16 | H11: 16 | I11: 18 | J11: 18 | K11: 16 | L11: 16 | M11: 18 | N11: 18 | O11: 18 | P11: 16 | Q11: 22 | R11: 20 | S11: 20 | T11: 22 | U11: 26 | V11: 24 | W11: 24 | X11: 30 | Y11: 28 | Z11: 30 | AA11: 28 | AB11: 28 | AC11: 28 | AD11: 28 | AE11: 28 | AF11: 30 | AG11: 42 | AH11: 46 | AI11: 60 | AJ11: 54 | AK11: 20 | AL11: 20 | AM11: 20 | AN11: 18 | AO11: 20 | AP11: 16 | AQ11: 18 | AR11: 16 | AS11: 20 | AT11: 16 | AU11: 20 | AV11: 36 | AW11: 38 | AX11: 38 | AY11: =SUM(C11:AX11) -> 1172
A12: 45514 | B12: 土曜日 | C12: 38 | D12: 38 | E12: 40 | F12: 36 | G12: 38 | H12: 38 | I12: 38 | J12: 44 | K12: 138 | L12: 140 | M12: 142 | N12: 142 | O12: 136 | P12: 142 | Q12: 144 | R12: 70 | S12: 16 | T12: 16 | U12: 20 | V12: 16 | W12: 18 | X12: 18 | Y12: 18 | Z12: 16 | AA12: 18 | AB12: 16 | AC12: 16 | AD12: 20 | AE12: 16 | AF12: 16 | AG12: 18 | AH12: 18 | AI12: 16 | AJ12: 20 | AK12: 16 | AL12: 16 | AM12: 18 | AN12: 16 | AO12: 18 | AP12: 18 | AQ12: 18 | AR12: 16 | AS12: 16 | AT12: 20 | AU12: 96 | AV12: 144 | AW12: 136 | AX12: 76 | AY12: =SUM(C12:AX12) -> 2300
A13: 45515 | B13: 日曜日 | C13: 40 | D13: 16 | E13: 18 | F13: 16 | G13: 18 | H13: 16 | I13: 16 | J13: 18 | K13: 16 | L13: 18 | M13: 16 | N13: 14 | O13: 14 | P13: 18 | Q13: 14 | R13: 16 | S13: 18 | T13: 18 | U13: 18 | V13: 18 | W13: 18 | X13: 16 | Y13: 18 | Z13: 14 | AA13: 16 | AB13: 18 | AC13: 14 | AD13: 16 | AE13: 18 | AF13: 14 | AG13: 16 | AH13: 18 | AI13: 16 | AJ13: 14 | AK13: 18 | AL13: 16 | AM13: 14 | AN13: 14 | AO13: 20 | AP13: 14 | AQ13: 14 | AR13: 18 | AS13: 16 | AT13: 14 | AU13: 70 | AV13: 98 | AW13: 70 | AX13: 36 | AY13: =SUM(C13:AX13) -> 1014
A14: 45516 | B14: 月曜日 | C14: 14 | D14: 18 | E14: 16 | F14: 18 | G14: 16 | H14: 16 | I14: 20 | J14: 14 | K14: 18 | L14: 16 | M14: 16 | N14: 18 | O14: 16 | P14: 18 | Q14: 16 | R14: 16 | S14: 20 | T14: 16 | U14: 20 | V14: 16 | W14: 18 | X14: 16 | Y14: 20 | Z14: 16 | AA14: 18 | AB14: 18 | AC14: 18 | AD14: 16 | AE14: 16 | AF14: 18 | AG14: 22 | AH14: 18 | AI14: 20 | AJ14: 18 | AK14: 20 | AL14: 20 | AM14: 18 | AN14: 18 | AO14: 16 | AP14: 16 | AQ14: 20 | AR14: 16 | AS14: 20 | AT14: 16 | AU14: 70 | AV14: 102 | AW14: 64 | AX14: 26 | AY14: =SUM(C14:AX14) -> 1032
... A367: 45869 | B367: 木曜日 | C367: 14 | D367: 16 | E367: 16 | F367: 14 | G367: 14 | H367: 16 | I367: 18 | J367: 14 | K367: 14 | L367: 14 | M367: 18 | N367: 14 | O367: 16 | P367: 18 | Q367: 18 | R367: 18 | S367: 22 | T367: 20 | U367: 24 | V367: 22 | W367: 38 | X367: 48 | Y367: 48 | Z367: 32 | AA367: 32 | AB367: 30 | AC367: 24 | AD367: 26 | AE367: 28 | AF367: 24 | AG367: 36 | AH367: 28 | AI367: 26 | AJ367: 22 | AK367: 20 | AL367: 14 | AM367: 16 | AN367: 14 | AO367: 16 | AP367: 16 | AQ367: 14 | AR367: 14 | AS367: 18 | AT367: 14 | AU367: 80 | AV367: 98 | AW367: 58 | AX367: 16 | AY367: =SUM(C367:AX367) -> 1190
AY368: =SUM(AY3:AY367) -> 1176002

Sheet 2.古平町立古平中学校
A1: 古平町立古平中学校
A2: 日付 | B2: 曜日 | C2: 0.020833333 | D2: 0.041666667 | E2: 0.0625 | F2: 0.083333333 | G2: 0.10416667 | H2: 0.125 | I2: 0.14583333 | J2: 0.16666667 | K2: 0.1875 | L2: 0.20833333 | M2: 0.22916667 | N2: 0.25 | O2: 0.27083333 | P2: 0.29166667 | Q2: 0.3125 | R2: 0.33333333 | S2: 0.35416667 | T2: 0.375 | U2: 0.39583333 | V2: 0.41666667 | W2: 0.4375 | X2: 0.45833333 | Y2: 0.47916667 | Z2: 0.5 | AA2: 0.52083333 | AB2: 0.54166667 | AC2: 0.5625 | AD2: 0.58333333 | AE2: 0.60416667 | AF2: 0.625 | AG2: 0.64583333 | AH2: 0.66666667 | AI2: 0.6875 | AJ2: 0.70833333 | AK2: 0.72916667 | AL2: 0.75 | AM2: 0.77083333 | AN2: 0.79166667 | AO2: 0.8125 | AP2: 0.83333333 | AQ2: 0.85416667 | AR2: 0.875 | AS2: 0.89583333 | AT2: 0.91666667 | AU2: 0.9375 | AV2: 0.95833333 | AW2: 0.97916667 | AX2: 0 | AY2: 日別合計
A3: 45505 | B3: 木曜日 | C3: 8 | D3: 8 | E3: 8 | F3: 10 | G3: 8 | H3: 8 | I3: 8 | J3: 8 | K3: 8 | L3: 8 | M3: 8 | N3: 8 | O3: 8 | P3: 8 | Q3: 12 | R3: 10 | S3: 12 | T3: 14 | U3: 12 | V3: 14 | W3: 16 | X3: 14 | Y3: 14 | Z3: 16 | AA3: 14 | AB3: 12 | AC3: 12 | AD3: 10 | AE3: 12 | AF3: 10 | AG3: 10 | AH3: 10 | AI3: 10 | AJ3: 10 | AK3: 8 | AL3: 8 | AM3: 8 | AN3: 8 | AO3: 10 | AP3: 8 | AQ3: 8 | AR3: 8 | AS3: 10 | AT3: 8 | AU3: 8 | AV3: 8 | AW3: 10 | AX3: 8 | AY3: =SUM(C3:AX3) -> 476
A4: 45506 | B4: 金曜日 | C4: 8 | D4: 8 | E4: 8 | F4: 8 | G4: 8 | H4: 10 | I4: 8 | J4: 8 | K4: 8 | L4: 8 | M4: 8 | N4: 8 | O4: 8 | P4: 8 | Q4: 12 | R4: 12 | S4: 14 | T4: 28 | U4: 30 | V4: 30 | W4: 32 | X4: 32 | Y4: 30 | Z4: 30 | AA4: 18 | AB4: 12 | AC4: 14 | AD4: 16 | AE4: 28 | AF4: 26 | AG4: 18 | AH4: 12 | AI4: 14 | AJ4: 12 | AK4: 8 | AL4: 8 | AM4: 8 | AN4: 8 | AO4: 8 | AP4: 8 | AQ4: 10 | AR4: 8 | AS4: 8 | AT4: 8 | AU4: 10 | AV4: 8 | AW4: 8 | AX4: 8 | AY4: =SUM(C4:AX4) -> 650
A5: 45507 | B5: 土曜日 | C5: 8 | D5: 10 | E5: 8 | F5: 8 | G5: 8 | H5: 8 | I5: 10 | J5: 8 | K5: 8 | L5: 8 | M5: 8 | N5: 8 | O5: 8 | P5: 8 | Q5: 6 | R5: 10 | S5: 8 | T5: 8 | U5: 10 | V5: 12 | W5: 10 | X5: 10 | Y5: 16 | Z5: 16 | AA5: 12 | AB5: 14 | AC5: 16 | AD5: 20 | AE5: 20 | AF5: 22 | AG5: 18 | AH5: 8 | AI5: 8 | AJ5: 8 | AK5: 8 | AL5: 10 | AM5: 6 | AN5: 10 | AO5: 8 | AP5: 10 | AQ5: 8 | AR5: 8 | AS5: 8 | AT5: 10 | AU5: 8 | AV5: 8 | AW5: 8 | AX5: 10 | AY5: =SUM(C5:AX5) -> 488
A6: 45508 | B6: 日曜日 | C6: 8 | D6: 8 | E6: 8 | F6: 8 | G6: 10 | H6: 8 | I6: 8 | J6: 8 | K6: 8 | L6: 8 | M6: 8 | N6: 8 | O6: 8 | P6: 8 | Q6: 8 | R6: 8 | S6: 8 | T6: 8 | U6: 10 | V6: 8 | W6: 10 | X6: 10 | Y6: 10 | Z6: 8 | AA6: 8 | AB6: 8 | AC6: 8 | AD6: 8 | AE6: 8 | AF6: 8 | AG6: 8 | AH6: 8 | AI6: 8 | AJ6: 8 | AK6: 6 | AL6: 8 | AM6: 8 | AN6: 8 | AO6: 8 | AP6: 10 | AQ6: 8 | AR6: 8 | AS6: 8 | AT6: 8 | AU6: 8 | AV6: 10 | AW6: 8 | AX6: 8 | AY6: =SUM(C6:AX6) -> 396
A7: 45509 | B7: 月曜日 | C7: 8 | D7: 8 | E7: 8 | F7: 8 | G7: 8 | H7: 8 | I7: 8 | J7: 10 | K7: 8 | L7: 6 | M7: 8 | N7: 8 | O7: 8 | P7: 8 | Q7: 12 | R7: 12 | S7: 12 | T7: 20 | U7: 24 | V7: 24 | W7: 24 | X7: 24 | Y7: 24 | Z7: 22 | AA7: 12 | AB7: 12 | AC7: 12 | AD7: 12 | AE7: 14 | AF7: 12 | AG7: 12 | AH7: 12 | AI7: 12 | AJ7: 10 | AK7: 8 | AL7: 8 | AM7: 8 | AN7: 8 | AO7: 8 | AP7: 8 | AQ7: 8 | AR7: 10 | AS7: 8 | AT7: 8 | AU7: 8 | AV7: 8 | AW7: 8 | AX7: 8 | AY7: =SUM(C7:AX7) -> 544
A8: 45510 | B8: 火曜日 | C8: 8 | D8: 8 | E8: 8 | F8: 8 | G8: 8 | H8: 8 | I8: 8 | J8: 8 | K8: 10 | L8: 6 | M8: 8 | N8: 8 | O8: 6 | P8: 8 | Q8: 10 | R8: 12 | S8: 10 | T8: 12 | U8: 10 | V8: 12 | W8: 10 | X8: 10 | Y8: 10 | Z8: 12 | AA8: 10 | AB8: 10 | AC8: 8 | AD8: 8 | AE8: 10 | AF8: 10 | AG8: 10 | AH8: 10 | AI8: 10 | AJ8: 8 | AK8: 8 | AL8: 8 | AM8: 8 | AN8: 8 | AO8: 10 | AP8: 8 | AQ8: 8 | AR8: 8 | AS8: 8 | AT8: 10 | AU8: 8 | AV8: 8 | AW8: 8 | AX8: 10 | AY8: =SUM(C8:AX8) -> 430
A9: 45511 | B9: 水曜日 | C9: 8 | D9: 8 | E9: 8 | F9: 8 | G9: 8 | H9: 10 | I9: 8 | J9: 8 | K9: 8 | L9: 8 | M9: 8 | N9: 8 | O9: 8 | P9: 8 | Q9: 10 | R9: 12 | S9: 10 | T9: 16 | U9: 14 | V9: 14 | W9: 12 | X9: 12 | Y9: 10 | Z9: 12 | AA9: 10 | AB9: 12 | AC9: 12 | AD9: 10 | AE9: 12 | AF9: 12 | AG9: 12 | AH9: 12 | AI9: 12 | AJ9: 10 | AK9: 8 | AL9: 8 | AM9: 10 | AN9: 8 | AO9: 8 | AP9: 8 | AQ9: 10 | AR9: 8 | AS9: 8 | AT9: 8 | AU9: 8 | AV9: 10 | AW9: 8 | AX9: 8 | AY9: =SUM(C9:AX9) -> 468
A10: 45512 | B10: 木曜日 | C10: 8 | D10: 8 | E10: 10 | F10: 8 | G10: 8 | H10: 8 | I10: 8 | J10: 8 | K10: 10 | L10: 8 | M10: 6 | N10: 10 | O10: 6 | P10: 8 | Q10: 12 | R10: 12 | S10: 14 | T10: 28 | U10: 28 | V10: 28 | W10: 26 | X10: 30 | Y10: 24 | Z10: 24 | AA10: 14 | AB10: 12 | AC10: 14 | AD10: 14 | AE10: 14 | AF10: 12 | AG10: 14 | AH10: 12 | AI10: 12 | AJ10: 10 | AK10: 8 | AL10: 8 | AM10: 10 | AN10: 8 | AO10: 8 | AP10: 8 | AQ10: 10 | AR10: 8 | AS10: 8 | AT10: 8 | AU10: 8 | AV10: 10 | AW10: 8 | AX10: 8 | AY10: =SUM(C10:AX10) -> 586
A11: 45513 | B11: 金曜日 | C11: 8 | D11: 10 | E11: 8 | F11: 8 | G11: 8 | H11: 8 | I11: 8 | J11: 8 | K11: 10 | L11: 8 | M11: 6 | N11: 8 | O11: 8 | P11: 8 | Q11: 12 | R11: 14 | S11: 20 | T11: 24 | U11: 26 | V11: 24 | W11: 24 | X11: 24 | Y11: 24 | Z11: 24 | AA11: 14 | AB11: 12 | AC11: 16 | AD11: 14 | AE11: 16 | AF11: 12 | AG11: 14 | AH11: 14 | AI11: 12 | AJ11: 10 | AK11: 8 | AL11: 8 | AM11: 8 | AN11: 8 | AO11: 10 | AP11: 8 | AQ11: 8 | AR11: 8 | AS11: 10 | AT11: 8 | AU11: 8 | AV11: 8 | AW11: 8 | AX11: 10 | AY11: =SUM(C11:AX11) -> 582
A12: 45514 | B12: 土曜日 | C12: 8 | D12: 8 | E12: 8 | F12: 10 | G12: 8 | H12: 8 | I12: 8 | J12: 8 | K12: 8 | L12: 8 | M12: 8 | N12: 8 | O12: 8 | P12: 8 | Q12: 8 | R12: 8 | S12: 8 | T12: 6 | U12: 10 | V12: 6 | W12: 8 | X12: 8 | Y12: 8 | Z12: 8 | AA12: 8 | AB12: 8 | AC12: 8 | AD12: 8 | AE12: 8 | AF12: 8 | AG12: 8 | AH12: 8 | AI12: 8 | AJ12: 8 | AK12: 8 | AL12: 8 | AM12: 8 | AN12: 8 | AO12: 8 | AP12: 8 | AQ12: 10 | AR12: 8 | AS12: 8 | AT12: 8 | AU12: 10 | AV12: 8 | AW12: 8 | AX12: 8 | AY12: =SUM(C12:AX12) -> 388
A13: 45515 | B13: 日曜日 | C13: 8 | D13: 8 | E13: 10 | F13: 8 | G13: 8 | H13: 8 | I13: 8 | J13: 8 | K13: 10 | L13: 6 | M13: 8 | N13: 8 | O13: 8 | P13: 8 | Q13: 8 | R13: 8 | S13: 8 | T13: 8 | U13: 8 | V13: 8 | W13: 8 | X13: 8 | Y13: 8 | Z13: 8 | AA13: 8 | AB13: 8 | AC13: 8 | AD13: 8 | AE13: 8 | AF13: 8 | AG13: 8 | AH13: 8 | AI13: 8 | AJ13: 8 | AK13: 8 | AL13: 8 | AM13: 6 | AN13: 10 | AO13: 8 | AP13: 8 | AQ13: 8 | AR13: 10 | AS13: 8 | AT13: 8 | AU13: 8 | AV13: 8 | AW13: 8 | AX13: 10 | AY13: =SUM(C13:AX13) -> 390
A14: 45516 | B14: 月曜日 | C14: 8 | D14: 8 | E14: 8 | F14: 8 | G14: 8 | H14: 10 | I14: 8 | J14: 8 | K14: 8 | L14: 8 | M14: 8 | N14: 8 | O14: 8 | P14: 8 | Q14: 8 | R14: 8 | S14: 8 | T14: 8 | U14: 8 | V14: 8 | W14: 8 | X14: 8 | Y14: 8 | Z14: 8 | AA14: 8 | AB14: 8 | AC14: 8 | AD14: 8 | AE14: 8 | AF14: 8 | AG14: 6 | AH14: 8 | AI14: 8 | AJ14: 8 | AK14: 8 | AL14: 8 | AM14: 8 | AN14: 8 | AO14: 10 | AP14: 8 | AQ14: 8 | AR14: 8 | AS14: 10 | AT14: 8 | AU14: 8 | AV14: 8 | AW14: 10 | AX14: 8 | AY14: =SUM(C14:AX14) -> 390
... A367: 45869 | B367: 木曜日 | C367: 6 | D367: 6 | E367: 6 | F367: 6 | G367: 6 | H367: 6 | I367: 8 | J367: 6 | K367: 6 | L367: 6 | M367: 6 | N367: 12 | O367: 14 | P367: 12 | Q367: 12 | R367: 14 | S367: 12 | T367: 14 | U367: 14 | V367: 12 | W367: 14 | X367: 12 | Y367: 14 | Z367: 12 | AA367: 16 | AB367: 14 | AC367: 22 | AD367: 22 | AE367: 20 | AF367: 18 | AG367: 16 | AH367: 16 | AI367: 14 | AJ367: 12 | AK367: 8 | AL367: 8 | AM367: 10 | AN367: 8 | AO367: 6 | AP367: 6 | AQ367: 8 | AR367: 6 | AS367: 6 | AT367: 6 | AU367: 8 | AV367: 6 | AW367: 6 | AX367: 6 | AY367: =SUM(C367:AX367) -> 504
AY368: =SUM(AY3:AY367) -> 195760

Sheet 3.古平町立診療所海のまちクリニック
A1: 古平町立診療所海のまちクリニック
A2: 日付 | B2: 曜日 | C2: 0.020833333 | D2: 0.041666667 | E2: 0.0625 | F2: 0.083333333 | G2: 0.10416667 | H2: 0.125 | I2: 0.14583333 | J2: 0.16666667 | K2: 0.1875 | L2: 0.20833333 | M2: 0.22916667 | N2: 0.25 | O2: 0.27083333 | P2: 0.29166667 | Q2: 0.3125 | R2: 0.33333333 | S2: 0.35416667 | T2: 0.375 | U2: 0.39583333 | V2: 0.41666667 | W2: 0.4375 | X2: 0.45833333 | Y2: 0.47916667 | Z2: 0.5 | AA2: 0.52083333 | AB2: 0.54166667 | AC2: 0.5625 | AD2: 0.58333333 | AE2: 0.60416667 | AF2: 0.625 | AG2: 0.64583333 | AH2: 0.66666667 | AI2: 0.6875 | AJ2: 0.70833333 | AK2: 0.72916667 | AL2: 0.75 | AM2: 0.77083333 | AN2: 0.79166667 | AO2: 0.8125 | AP2: 0.83333333 | AQ2: 0.85416667 | AR2: 0.875 | AS2: 0.89583333 | AT2: 0.91666667 | AU2: 0.9375 | AV2: 0.95833333 | AW2: 0.97916667 | AX2: 0 | AY2: 日別合計
A3: 45505 | B3: 木曜日 | C3: 8 | D3: 8 | E3: 8 | F3: 8 | G3: 8 | H3: 10 | I3: 8 | J3: 8 | K3: 8 | L3: 8 | M3: 10 | N3: 10 | O3: 14 | P3: 16 | Q3: 20 | R3: 20 | S3: 22 | T3: 20 | U3: 28 | V3: 28 | W3: 26 | X3: 24 | Y3: 24 | Z3: 24 | AA3: 24 | AB3: 20 | AC3: 24 | AD3: 22 | AE3: 24 | AF3: 20 | AG3: 20 | AH3: 20 | AI3: 20 | AJ3: 18 | AK3: 16 | AL3: 16 | AM3: 12 | AN3: 10 | AO3: 10 | AP3: 8 | AQ3: 10 | AR3: 8 | AS3: 8 | AT3: 8 | AU3: 8 | AV3: 8 | AW3: 8 | AX3: 8 | AY3: =SUM(C3:AX3) -> 718
A4: 45506 | B4: 金曜日 | C4: 8 | D4: 8 | E4: 8 | F4: 8 | G4: 8 | H4: 8 | I4: 8 | J4: 8 | K4: 8 | L4: 8 | M4: 10 | N4: 12 | O4: 16 | P4: 14 | Q4: 22 | R4: 20 | S4: 28 | T4: 26 | U4: 24 | V4: 30 | W4: 32 | X4: 32 | Y4: 32 | Z4: 28 | AA4: 30 | AB4: 24 | AC4: 24 | AD4: 28 | AE4: 28 | AF4: 28 | AG4: 30 | AH4: 28 | AI4: 22 | AJ4: 24 | AK4: 18 | AL4: 18 | AM4: 14 | AN4: 14 | AO4: 18 | AP4: 12 | AQ4: 12 | AR4: 14 | AS4: 12 | AT4: 16 | AU4: 10 | AV4: 10 | AW4: 12 | AX4: 12 | AY4: =SUM(C4:AX4) -> 864
A5: 45507 | B5: 土曜日 | C5: 12 | D5: 10 | E5: 12 | F5: 10 | G5: 12 | H5: 10 | I5: 10 | J5: 12 | K5: 10 | L5: 14 | M5: 14 | N5: 18 | O5: 20 | P5: 16 | Q5: 20 | R5: 22 | S5: 28 | T5: 26 | U5: 24 | V5: 30 | W5: 22 | X5: 26 | Y5: 24 | Z5: 30 | AA5: 18 | AB5: 22 | AC5: 24 | AD5: 20 | AE5: 22 | AF5: 20 | AG5: 24 | AH5: 20 | AI5: 16 | AJ5: 24 | AK5: 22 | AL5: 20 | AM5: 22 | AN5: 14 | AO5: 18 | AP5: 16 | AQ5: 16 | AR5: 10 | AS5: 10 | AT5: 6 | AU5: 8 | AV5: 8 | AW5: 8 | AX5: 8 | AY5: =SUM(C5:AX5) -> 828
A6: 45508 | B6: 日曜日 | C6: 8 | D6: 8 | E6: 6 | F6: 8 | G6: 6 | H6: 8 | I6: 8 | J6: 6 | K6: 8 | L6: 6 | M6: 10 | N6: 10 | O6: 10 | P6: 10 | Q6: 12 | R6: 12 | S6: 12 | T6: 12 | U6: 12 | V6: 12 | W6: 12 | X6: 12 | Y6: 12 | Z6: 12 | AA6: 10 | AB6: 12 | AC6: 10 | AD6: 10 | AE6: 12 | AF6: 10 | AG6: 10 | AH6: 12 | AI6: 10 | AJ6: 8 | AK6: 12 | AL6: 10 | AM6: 10 | AN6: 8 | AO6: 10 | AP6: 8 | AQ6: 8 | AR6: 10 | AS6: 6 | AT6: 8 | AU6: 8 | AV6: 8 | AW6: 8 | AX6: 8 | AY6: =SUM(C6:AX6) -> 458
A7: 45509 | B7: 月曜日 | C7: 8 | D7: 8 | E7: 6 | F7: 8 | G7: 8 | H7: 8 | I7: 8 | J7: 8 | K7: 6 | L7: 8 | M7: 8 | N7: 10 | O7: 12 | P7: 12 | Q7: 16 | R7: 14 | S7: 16 | T7: 18 | U7: 18 | V7: 20 | W7: 18 | X7: 20 | Y7: 22 | Z7: 22 | AA7: 18 | AB7: 18 | AC7: 18 | AD7: 20 | AE7: 22 | AF7: 18 | AG7: 20 | AH7: 18 | AI7: 16 | AJ7: 14 | AK7: 14 | AL7: 14 | AM7: 12 | AN7: 12 | AO7: 8 | AP7: 12 | AQ7: 10 | AR7: 8 | AS7: 12 | AT7: 8 | AU7: 8 | AV7: 8 | AW7: 10 | AX7: 8 | AY7: =SUM(C7:AX7) -> 628
A8: 45510 | B8: 火曜日 | C8: 6 | D8: 10 | E8: 8 | F8: 8 | G8: 8 | H8: 8 | I8: 8 | J8: 8 | K8: 8 | L8: 8 | M8: 8 | N8: 12 | O8: 12 | P8: 14 | Q8: 16 | R8: 18 | S8: 18 | T8: 18 | U8: 24 | V8: 24 | W8: 26 | X8: 28 | Y8: 26 | Z8: 24 | AA8: 24 | AB8: 22 | AC8: 22 | AD8: 24 | AE8: 26 | AF8: 24 | AG8: 22 | AH8: 22 | AI8: 22 | AJ8: 20 | AK8: 16 | AL8: 14 | AM8: 14 | AN8: 14 | AO8: 12 | AP8: 12 | AQ8: 10 | AR8: 10 | AS8: 10 | AT8: 10 | AU8: 10 | AV8: 10 | AW8: 8 | AX8: 10 | AY8: =SUM(C8:AX8) -> 736
A9: 45511 | B9: 水曜日 | C9: 8 | D9: 8 | E9: 8 | F9: 10 | G9: 8 | H9: 8 | I9: 8 | J9: 8 | K9: 8 | L9: 10 | M9: 8 | N9: 10 | O9: 12 | P9: 12 | Q9: 24 | R9: 30 | S9: 24 | T9: 30 | U9: 30 | V9: 30 | W9: 26 | X9: 28 | Y9: 24 | Z9: 26 | AA9: 24 | AB9: 26 | AC9: 24 | AD9: 22 | AE9: 26 | AF9: 26 | AG9: 24 | AH9: 24 | AI9: 24 | AJ9: 20 | AK9: 18 | AL9: 14 | AM9: 16 | AN9: 16 | AO9: 16 | AP9: 14 | AQ9: 18 | AR9: 12 | AS9: 12 | AT9: 10 | AU9: 10 | AV9: 10 | AW9: 8 | AX9: 8 | AY9: =SUM(C9:AX9) -> 820
A10: 45512 | B10: 木曜日 | C10: 8 | D10: 8 | E10: 10 | F10: 8 | G10: 8 | H10: 8 | I10: 8 | J10: 8 | K10: 8 | L10: 8 | M10: 8 | N10: 12 | O10: 12 | P10: 14 | Q10: 20 | R10: 16 | S10: 20 | T10: 24 | U10: 32 | V10: 34 | W10: 34 | X10: 32 | Y10: 34 | Z10: 32 | AA10: 30 | AB10: 32 | AC10: 30 | AD10: 36 | AE10: 38 | AF10: 38 | AG10: 36 | AH10: 30 | AI10: 24 | AJ10: 22 | AK10: 18 | AL10: 20 | AM10: 16 | AN10: 12 | AO10: 12 | AP10: 8 | AQ10: 10 | AR10: 10 | AS10: 10 | AT10: 8 | AU10: 10 | AV10: 10 | AW10: 6 | AX10: 8 | AY10: =SUM(C10:AX10) -> 880
A11: 45513 | B11: 金曜日 | C11: 10 | D11: 8 | E11: 10 | F11: 10 | G11: 8 | H11: 8 | I11: 10 | J11: 8 | K11: 10 | L11: 10 | M11: 14 | N11: 18 | O11: 14 | P11: 16 | Q11: 24 | R11: 26 | S11: 24 | T11: 22 | U11: 30 | V11: 30 | W11: 26 | X11: 32 | Y11: 28 | Z11: 28 | AA11: 30 | AB11: 28 | AC11: 28 | AD11: 30 | AE11: 32 | AF11: 28 | AG11: 30 | AH11: 28 | AI11: 26 | AJ11: 28 | AK11: 24 | AL11: 24 | AM11: 18 | AN11: 20 | AO11: 14 | AP11: 14 | AQ11: 14 | AR11: 14 | AS11: 14 | AT11: 12 | AU11: 14 | AV11: 14 | AW11: 12 | AX11: 10 | AY11: =SUM(C11:AX11) -> 930
A12: 45514 | B12: 土曜日 | C12: 12 | D12: 12 | E12: 12 | F12: 12 | G12: 12 | H12: 12 | I12: 12 | J12: 12 | K12: 12 | L12: 12 | M12: 12 | N12: 18 | O12: 16 | P12: 18 | Q12: 18 | R12: 18 | S12: 18 | T12: 16 | U12: 18 | V12: 16 | W12: 18 | X12: 18 | Y12: 16 | Z12: 18 | AA12: 18 | AB12: 16 | AC12: 18 | AD12: 20 | AE12: 18 | AF12: 14 | AG12: 18 | AH12: 18 | AI12: 16 | AJ12: 12 | AK12: 14 | AL12: 14 | AM12: 14 | AN12: 12 | AO12: 12 | AP12: 8 | AQ12: 10 | AR12: 6 | AS12: 8 | AT12: 10 | AU12: 6 | AV12: 8 | AW12: 6 | AX12: 10 | AY12: =SUM(C12:AX12) -> 664
A13: 45515 | B13: 日曜日 | C13: 6 | D13: 8 | E13: 6 | F13: 8 | G13: 8 | H13: 8 | I13: 6 | J13: 8 | K13: 8 | L13: 8 | M13: 8 | N13: 10 | O13: 12 | P13: 10 | Q13: 12 | R13: 12 | S13: 18 | T13: 22 | U13: 24 | V13: 24 | W13: 20 | X13: 24 | Y13: 20 | Z13: 18 | AA13: 20 | AB13: 18 | AC13: 20 | AD13: 16 | AE13: 22 | AF13: 16 | AG13: 22 | AH13: 16 | AI13: 18 | AJ13: 18 | AK13: 18 | AL13: 16 | AM13: 14 | AN13: 16 | AO13: 12 | AP13: 10 | AQ13: 10 | AR13: 12 | AS13: 10 | AT13: 8 | AU13: 12 | AV13: 10 | AW13: 10 | AX13: 8 | AY13: =SUM(C13:AX13) -> 660
A14: 45516 | B14: 月曜日 | C14: 8 | D14: 10 | E14: 10 | F14: 8 | G14: 8 | H14: 6 | I14: 10 | J14: 6 | K14: 8 | L14: 8 | M14: 10 | N14: 14 | O14: 20 | P14: 20 | Q14: 18 | R14: 22 | S14: 20 | T14: 22 | U14: 24 | V14: 28 | W14: 24 | X14: 26 | Y14: 22 | Z14: 20 | AA14: 22 | AB14: 20 | AC14: 20 | AD14: 22 | AE14: 22 | AF14: 22 | AG14: 24 | AH14: 22 | AI14: 20 | AJ14: 16 | AK14: 16 | AL14: 16 | AM14: 18 | AN14: 16 | AO14: 18 | AP14: 14 | AQ14: 16 | AR14: 12 | AS14: 18 | AT14: 12 | AU14: 14 | AV14: 16 | AW14: 12 | AX14: 14 | AY14: =SUM(C14:AX14) -> 794
... A367: 45869 | B367: 木曜日 | C367: 12 | D367: 12 | E367: 12 | F367: 12 | G367: 8 | H367: 10 | I367: 10 | J367: 10 | K367: 10 | L367: 8 | M367: 12 | N367: 10 | O367: 14 | P367: 22 | Q367: 22 | R367: 24 | S367: 28 | T367: 32 | U367: 36 | V367: 38 | W367: 38 | X367: 36 | Y367: 36 | Z367: 36 | AA367: 36 | AB367: 32 | AC367: 34 | AD367: 36 | AE367: 38 | AF367: 34 | AG367: 36 | AH367: 28 | AI367: 32 | AJ367: 30 | AK367: 24 | AL367: 22 | AM367: 22 | AN367: 20 | AO367: 18 | AP367: 18 | AQ367: 16 | AR367: 16 | AS367: 16 | AT367: 16 | AU367: 14 | AV367: 14 | AW367: 16 | AX367: 12 | AY367: =SUM(C367:AX367) -> 1068
AY368: =SUM(AY3:AY367) -> 285246

Sheet 5.古平町高齢者総合支援センター
A1: 古平町高齢者総合支援センター（元気プラザ）
A2: 日付 | B2: 曜日 | C2: 0.020833333 | D2: 0.041666667 | E2: 0.0625 | F2: 0.083333333 | G2: 0.10416667 | H2: 0.125 | I2: 0.14583333 | J2: 0.16666667 | K2: 0.1875 | L2: 0.20833333 | M2: 0.22916667 | N2: 0.25 | O2: 0.27083333 | P2: 0.29166667 | Q2: 0.3125 | R2: 0.33333333 | S2: 0.35416667 | T2: 0.375 | U2: 0.39583333 | V2: 0.41666667 | W2: 0.4375 | X2: 0.45833333 | Y2: 0.47916667 | Z2: 0.5 | AA2: 0.52083333 | AB2: 0.54166667 | AC2: 0.5625 | AD2: 0.58333333 | AE2: 0.60416667 | AF2: 0.625 | AG2: 0.64583333 | AH2: 0.66666667 | AI2: 0.6875 | AJ2: 0.70833333 | AK2: 0.72916667 | AL2: 0.75 | AM2: 0.77083333 | AN2: 0.79166667 | AO2: 0.8125 | AP2: 0.83333333 | AQ2: 0.85416667 | AR2: 0.875 | AS2: 0.89583333 | AT2: 0.91666667 | AU2: 0.9375 | AV2: 0.95833333 | AW2: 0.97916667 | AX2: 0 | AY2: 日別合計
A3: 45505 | B3: 木曜日 | C3: 10 | D3: 8 | E3: 8 | F3: 10 | G3: 8 | H3: 8 | I3: 10 | J3: 8 | K3: 8 | L3: 8 | M3: 10 | N3: 8 | O3: 8 | P3: 10 | Q3: 10 | R3: 12 | S3: 14 | T3: 16 | U3: 16 | V3: 20 | W3: 22 | X3: 22 | Y3: 22 | Z3: 22 | AA3: 20 | AB3: 20 | AC3: 20 | AD3: 20 | AE3: 22 | AF3: 18 | AG3: 18 | AH3: 18 | AI3: 16 | AJ3: 18 | AK3: 16 | AL3: 12 | AM3: 14 | AN3: 12 | AO3: 12 | AP3: 12 | AQ3: 10 | AR3: 12 | AS3: 10 | AT3: 8 | AU3: 10 | AV3: 8 | AW3: 10 | AX3: 8 | AY3: =SUM(C3:AX3) -> 642
A4: 45506 | B4: 金曜日 | C4: 10 | D4: 8 | E4: 10 | F4: 10 | G4: 8 | H4: 10 | I4: 8 | J4: 8 | K4: 10 | L4: 8 | M4: 10 | N4: 8 | O4: 8 | P4: 10 | Q4: 10 | R4: 12 | S4: 18 | T4: 20 | U4: 22 | V4: 26 | W4: 24 | X4: 24 | Y4: 26 | Z4: 28 | AA4: 28 | AB4: 28 | AC4: 24 | AD4: 26 | AE4: 22 | AF4: 22 | AG4: 22 | AH4: 20 | AI4: 20 | AJ4: 22 | AK4: 22 | AL4: 12 | AM4: 12 | AN4: 12 | AO4: 12 | AP4: 10 | AQ4: 12 | AR4: 10 | AS4: 10 | AT4: 8 | AU4: 8 | AV4: 8 | AW4: 8 | AX4: 8 | AY4: =SUM(C4:AX4) -> 722
A5: 45507 | B5: 土曜日 | C5: 8 | D5: 8 | E5: 8 | F5: 6 | G5: 8 | H5: 8 | I5: 6 | J5: 8 | K5: 6 | L5: 8 | M5: 8 | N5: 8 | O5: 8 | P5: 10 | Q5: 8 | R5: 10 | S5: 10 | T5: 10 | U5: 12 | V5: 18 | W5: 18 | X5: 20 | Y5: 18 | Z5: 20 | AA5: 20 | AB5: 20 | AC5: 20 | AD5: 18 | AE5: 18 | AF5: 12 | AG5: 14 | AH5: 14 | AI5: 12 | AJ5: 14 | AK5: 14 | AL5: 16 | AM5: 16 | AN5: 16 | AO5: 16 | AP5: 14 | AQ5: 14 | AR5: 14 | AS5: 14 | AT5: 12 | AU5: 14 | AV5: 12 | AW5: 12 | AX5: 12 | AY5: =SUM(C5:AX5) -> 610
A6: 45508 | B6: 日曜日 | C6: 12 | D6: 12 | E6: 12 | F6: 10 | G6: 12 | H6: 12 | I6: 10 | J6: 12 | K6: 12 | L6: 10 | M6: 12 | N6: 10 | O6: 8 | P6: 10 | Q6: 8 | R6: 8 | S6: 10 | T6: 8 | U6: 8 | V6: 8 | W6: 8 | X6: 10 | Y6: 8 | Z6: 12 | AA6: 12 | AB6: 12 | AC6: 10 | AD6: 10 | AE6: 12 | AF6: 8 | AG6: 10 | AH6: 8 | AI6: 10 | AJ6: 10 | AK6: 8 | AL6: 12 | AM6: 8 | AN6: 12 | AO6: 10 | AP6: 12 | AQ6: 10 | AR6: 10 | AS6: 12 | AT6: 10 | AU6: 8 | AV6: 10 | AW6: 10 | AX6: 8 | AY6: =SUM(C6:AX6) -> 484
A7: 45509 | B7: 月曜日 | C7: 10 | D7: 8 | E7: 8 | F7: 10 | G7: 8 | H7: 8 | I7: 10 | J7: 8 | K7: 8 | L7: 8 | M7: 10 | N7: 8 | O7: 10 | P7: 8 | Q7: 10 | R7: 12 | S7: 14 | T7: 16 | U7: 20 | V7: 18 | W7: 20 | X7: 22 | Y7: 22 | Z7: 20 | AA7: 20 | AB7: 20 | AC7: 18 | AD7: 20 | AE7: 20 | AF7: 18 | AG7: 16 | AH7: 16 | AI7: 16 | AJ7: 16 | AK7: 16 | AL7: 12 | AM7: 12 | AN7: 12 | AO7: 10 | AP7: 12 | AQ7: 10 | AR7: 12 | AS7: 10 | AT7: 8 | AU7: 10 | AV7: 10 | AW7: 8 | AX7: 10 | AY7: =SUM(C7:AX7) -> 628
A8: 45510 | B8: 火曜日 | C8: 10 | D8: 8 | E8: 8 | F8: 8 | G8: 10 | H8: 8 | I8: 8 | J8: 10 | K8: 8 | L8: 8 | M8: 10 | N8: 8 | O8: 10 | P8: 8 | Q8: 10 | R8: 12 | S8: 16 | T8: 16 | U8: 14 | V8: 18 | W8: 18 | X8: 16 | Y8: 18 | Z8: 18 | AA8: 18 | AB8: 18 | AC8: 18 | AD8: 18 | AE8: 20 | AF8: 18 | AG8: 18 | AH8: 18 | AI8: 18 | AJ8: 16 | AK8: 16 | AL8: 14 | AM8: 12 | AN8: 12 | AO8: 12 | AP8: 12 | AQ8: 10 | AR8: 12 | AS8: 10 | AT8: 10 | AU8: 8 | AV8: 10 | AW8: 8 | AX8: 10 | AY8: =SUM(C8:AX8) -> 614
A9: 45511 | B9: 水曜日 | C9: 8 | D9: 8 | E9: 10 | F9: 8 | G9: 10 | H9: 10 | I9: 8 | J9: 8 | K9: 10 | L9: 8 | M9: 8 | N9: 10 | O9: 8 | P9: 10 | Q9: 10 | R9: 12 | S9: 14 | T9: 18 | U9: 20 | V9: 20 | W9: 24 | X9: 24 | Y9: 22 | Z9: 22 | AA9: 28 | AB9: 28 | AC9: 24 | AD9: 26 | AE9: 24 | AF9: 22 | AG9: 22 | AH9: 22 | AI9: 18 | AJ9: 20 | AK9: 20 | AL9: 12 | AM9: 14 | AN9: 12 | AO9: 12 | AP9: 12 | AQ9: 12 | AR9: 10 | AS9: 10 | AT9: 12 | AU9: 10 | AV9: 10 | AW9: 10 | AX9: 8 | AY9: =SUM(C9:AX9) -> 708
A10: 45512 | B10: 木曜日 | C10: 10 | D10: 10 | E10: 8 | F10: 10 | G10: 8 | H10: 10 | I10: 8 | J10: 10 | K10: 8 | L10: 8 | M10: 10 | N10: 10 | O10: 8 | P10: 10 | Q10: 12 | R10: 12 | S10: 18 | T10: 22 | U10: 24 | V10: 28 | W10: 28 | X10: 28 | Y10: 26 | Z10: 24 | AA10: 26 | AB10: 28 | AC10: 26 | AD10: 26 | AE10: 28 | AF10: 28 | AG10: 26 | AH10: 24 | AI10: 22 | AJ10: 20 | AK10: 20 | AL10: 12 | AM10: 14 | AN10: 14 | AO10: 12 | AP10: 14 | AQ10: 12 | AR10: 10 | AS10: 10 | AT10: 12 | AU10: 10 | AV10: 8 | AW10: 12 | AX10: 8 | AY10: =SUM(C10:AX10) -> 772
A11: 45513 | B11: 金曜日 | C11: 10 | D11: 10 | E11: 10 | F11: 8 | G11: 10 | H11: 8 | I11: 10 | J11: 8 | K11: 10 | L11: 10 | M11: 8 | N11: 10 | O11: 10 | P11: 10 | Q11: 12 | R11: 12 | S11: 16 | T11: 22 | U11: 24 | V11: 26 | W11: 26 | X11: 24 | Y11: 26 | Z11: 30 | AA11: 26 | AB11: 28 | AC11: 26 | AD11: 24 | AE11: 22 | AF11: 24 | AG11: 28 | AH11: 22 | AI11: 22 | AJ11: 22 | AK11: 20 | AL11: 18 | AM11: 18 | AN11: 14 | AO11: 16 | AP11: 16 | AQ11: 14 | AR11: 14 | AS11: 10 | AT11: 8 | AU11: 10 | AV11: 8 | AW11: 8 | AX11: 8 | AY11: =SUM(C11:AX11) -> 776
A12: 45514 | B12: 土曜日 | C12: 8 | D12: 8 | E12: 6 | F12: 10 | G12: 6 | H12: 8 | I12: 8 | J12: 8 | K12: 6 | L12: 8 | M12: 8 | N12: 12 | O12: 12 | P12: 12 | Q12: 12 | R12: 14 | S12: 12 | T12: 14 | U12: 12 | V12: 14 | W12: 12 | X12: 14 | Y12: 14 | Z12: 14 | AA12: 14 | AB12: 14 | AC12: 14 | AD12: 12 | AE12: 14 | AF12: 12 | AG12: 14 | AH12: 12 | AI12: 14 | AJ12: 12 | AK12: 14 | AL12: 16 | AM12: 14 | AN12: 14 | AO12: 14 | AP12: 14 | AQ12: 14 | AR12: 12 | AS12: 14 | AT12: 10 | AU12: 8 | AV12: 8 | AW12: 8 | AX12: 8 | AY12: =SUM(C12:AX12) -> 552
A13: 45515 | B13: 日曜日 | C13: 8 | D13: 6 | E13: 8 | F13: 8 | G13: 6 | H13: 8 | I13: 8 | J13: 6 | K13: 8 | L13: 8 | M13: 6 | N13: 8 | O13: 10 | P13: 12 | Q13: 12 | R13: 14 | S13: 14 | T13: 12 | U13: 14 | V13: 12 | W13: 12 | X13: 14 | Y13: 16 | Z13: 14 | AA13: 14 | AB13: 18 | AC13: 16 | AD13: 16 | AE13: 14 | AF13: 12 | AG13: 14 | AH13: 16 | AI13: 14 | AJ13: 14 | AK13: 14 | AL13: 12 | AM13: 12 | AN13: 14 | AO13: 14 | AP13: 12 | AQ13: 12 | AR13: 12 | AS13: 10 | AT13: 10 | AU13: 10 | AV13: 8 | AW13: 10 | AX13: 10 | AY13: =SUM(C13:AX13) -> 552
A14: 45516 | B14: 月曜日 | C14: 8 | D14: 10 | E14: 8 | F14: 10 | G14: 8 | H14: 10 | I14: 8 | J14: 10 | K14: 10 | L14: 8 | M14: 10 | N14: 12 | O14: 10 | P14: 14 | Q14: 14 | R14: 18 | S14: 20 | T14: 24 | U14: 24 | V14: 26 | W14: 26 | X14: 26 | Y14: 26 | Z14: 26 | AA14: 26 | AB14: 26 | AC14: 26 | AD14: 24 | AE14: 24 | AF14: 22 | AG14: 20 | AH14: 22 | AI14: 20 | AJ14: 20 | AK14: 18 | AL14: 18 | AM14: 18 | AN14: 18 | AO14: 18 | AP14: 18 | AQ14: 16 | AR14: 16 | AS14: 14 | AT14: 14 | AU14: 14 | AV14: 16 | AW14: 10 | AX14: 8 | AY14: =SUM(C14:AX14) -> 812
... A367: 45869 | B367: 木曜日 | C367: 14 | D367: 16 | E367: 14 | F367: 14 | G367: 16 | H367: 14 | I367: 16 | J367: 14 | K367: 14 | L367: 16 | M367: 14 | N367: 14 | O367: 16 | P367: 14 | Q367: 16 | R367: 18 | S367: 26 | T367: 30 | U367: 32 | V367: 32 | W367: 32 | X367: 32 | Y367: 32 | Z367: 32 | AA367: 32 | AB367: 36 | AC367: 34 | AD367: 34 | AE367: 32 | AF367: 32 | AG367: 30 | AH367: 28 | AI367: 28 | AJ367: 30 | AK367: 28 | AL367: 22 | AM367: 20 | AN367: 16 | AO367: 16 | AP367: 14 | AQ367: 14 | AR367: 14 | AS367: 12 | AT367: 12 | AU367: 12 | AV367: 12 | AW367: 10 | AX367: 12 | AY367: =SUM(C367:AX367) -> 1018
AY368: =SUM(AY3:AY367) -> 293066

Sheet 5.古平町3タス5
A1: 古平町高齢者総合支援センター（元気プラザ）
A2: 日付 | B2: 曜日 | C2: 0.020833333 | D2: 0.041666667 | E2: 0.0625 | F2: 0.083333333 | G2: 0.10416667 | H2: 0.125 | I2: 0.14583333 | J2: 0.16666667 | K2: 0.1875 | L2: 0.20833333 | M2: 0.22916667 | N2: 0.25 | O2: 0.27083333 | P2: 0.29166667 | Q2: 0.3125 | R2: 0.33333333 | S2: 0.35416667 | T2: 0.375 | U2: 0.39583333 | V2: 0.41666667 | W2: 0.4375 | X2: 0.45833333 | Y2: 0.47916667 | Z2: 0.5 | AA2: 0.52083333 | AB2: 0.54166667 | AC2: 0.5625 | AD2: 0.58333333 | AE2: 0.60416667 | AF2: 0.625 | AG2: 0.64583333 | AH2: 0.66666667 | AI2: 0.6875 | AJ2: 0.70833333 | AK2: 0.72916667 | AL2: 0.75 | AM2: 0.77083333 | AN2: 0.79166667 | AO2: 0.8125 | AP2: 0.83333333 | AQ2: 0.85416667 | AR2: 0.875 | AS2: 0.89583333 | AT2: 0.91666667 | AU2: 0.9375 | AV2: 0.95833333 | AW2: 0.97916667 | AX2: 0 | AY2: 日別合計
A3: 45505 | B3: 木曜日 | C3: ='3.古平町立診療所海のまちクリニック'!C3+'5.古平町高齢者総合支援センター'!C3 -> 18 | D3: ='3.古平町立診療所海のまちクリニック'!D3+'5.古平町高齢者総合支援センター'!D3 -> 16 | E3: ='3.古平町立診療所海のまちクリニック'!E3+'5.古平町高齢者総合支援センター'!E3 -> 16 | F3: ='3.古平町立診療所海のまちクリニック'!F3+'5.古平町高齢者総合支援センター'!F3 -> 18 | G3: ='3.古平町立診療所海のまちクリニック'!G3+'5.古平町高齢者総合支援センター'!G3 -> 16 | H3: ='3.古平町立診療所海のまちクリニック'!H3+'5.古平町高齢者総合支援センター'!H3 -> 18 | I3: ='3.古平町立診療所海のまちクリニック'!I3+'5.古平町高齢者総合支援センター'!I3 -> 18 | J3: ='3.古平町立診療所海のまちクリニック'!J3+'5.古平町高齢者総合支援センター'!J3 -> 16 | ... AY3: ='3.古平町立診療所海のまちクリニック'!AY3+'5.古平町高齢者総合支援センター'!AY3 -> 1360
A4: 45506 | B4: 金曜日 | C4: ='3.古平町立診療所海のまちクリニック'!C4+'5.古平町高齢者総合支援センター'!C4 -> 18 | D4: ='3.古平町立診療所海のまちクリニック'!D4+'5.古平町高齢者総合支援センター'!D4 -> 16 | E4: ='3.古平町立診療所海のまちクリニック'!E4+'5.古平町高齢者総合支援センター'!E4 -> 18 | F4: ='3.古平町立診療所海のまちクリニック'!F4+'5.古平町高齢者総合支援センター'!F4 -> 18 | G4: ='3.古平町立診療所海のまちクリニック'!G4+'5.古平町高齢者総合支援センター'!G4 -> 16 | H4: ='3.古平町立診療所海のまちクリニック'!H4+'5.古平町高齢者総合支援センター'!H4 -> 18 | I4: ='3.古平町立診療所海のまちクリニック'!I4+'5.古平町高齢者総合支援センター'!I4 -> 16 | J4: ='3.古平町立診療所海のまちクリニック'!J4+'5.古平町高齢者総合支援センター'!J4 -> 16 | ... AY4: ='3.古平町立診療所海のまちクリニック'!AY4+'5.古平町高齢者総合支援センター'!AY4 -> 1586
A5: 45507 | B5: 土曜日 | C5: ='3.古平町立診療所海のまちクリニック'!C5+'5.古平町高齢者総合支援センター'!C5 -> 20 | D5: ='3.古平町立診療所海のまちクリニック'!D5+'5.古平町高齢者総合支援センター'!D5 -> 18 | E5: ='3.古平町立診療所海のまちクリニック'!E5+'5.古平町高齢者総合支援センター'!E5 -> 20 | F5: ='3.古平町立診療所海のまちクリニック'!F5+'5.古平町高齢者総合支援センター'!F5 -> 16 | G5: ='3.古平町立診療所海のまちクリニック'!G5+'5.古平町高齢者総合支援センター'!G5 -> 20 | H5: ='3.古平町立診療所海のまちクリニック'!H5+'5.古平町高齢者総合支援センター'!H5 -> 18 | I5: ='3.古平町立診療所海のまちクリニック'!I5+'5.古平町高齢者総合支援センター'!I5 -> 16 | J5: ='3.古平町立診療所海のまちクリニック'!J5+'5.古平町高齢者総合支援センター'!J5 -> 20 | ... AY5: ='3.古平町立診療所海のまちクリニック'!AY5+'5.古平町高齢者総合支援センター'!AY5 -> 1438
A6: 45508 | B6: 日曜日 | C6: ='3.古平町立診療所海のまちクリニック'!C6+'5.古平町高齢者総合支援センター'!C6 -> 20 | D6: ='3.古平町立診療所海のまちクリニック'!D6+'5.古平町高齢者総合支援センター'!D6 -> 20 | E6: ='3.古平町立診療所海のまちクリニック'!E6+'5.古平町高齢者総合支援センター'!E6 -> 18 | F6: ='3.古平町立診療所海のまちクリニック'!F6+'5.古平町高齢者総合支援センター'!F6 -> 18 | G6: ='3.古平町立診療所海のまちクリニック'!G6+'5.古平町高齢者総合支援センター'!G6 -> 18 | H6: ='3.古平町立診療所海のまちクリニック'!H6+'5.古平町高齢者総合支援センター'!H6 -> 20 | I6: ='3.古平町立診療所海のまちクリニック'!I6+'5.古平町高齢者総合支援センター'!I6 -> 18 | J6: ='3.古平町立診療所海のまちクリニック'!J6+'5.古平町高齢者総合支援センター'!J6 -> 18 | ... AY6: ='3.古平町立診療所海のまちクリニック'!AY6+'5.古平町高齢者総合支援センター'!AY6 -> 942
A7: 45509 | B7: 月曜日 | C7: ='3.古平町立診療所海のまちクリニック'!C7+'5.古平町高齢者総合支援センター'!C7 -> 18 | D7: ='3.古平町立診療所海のまちクリニック'!D7+'5.古平町高齢者総合支援センター'!D7 -> 16 | E7: ='3.古平町立診療所海のまちクリニック'!E7+'5.古平町高齢者総合支援センター'!E7 -> 14 | F7: ='3.古平町立診療所海のまちクリニック'!F7+'5.古平町高齢者総合支援センター'!F7 -> 18 | G7: ='3.古平町立診療所海のまちクリニック'!G7+'5.古平町高齢者総合支援センター'!G7 -> 16 | H7: ='3.古平町立診療所海のまちクリニック'!H7+'5.古平町高齢者総合支援センター'!H7 -> 16 | I7: ='3.古平町立診療所海のまちクリニック'!I7+'5.古平町高齢者総合支援センター'!I7 -> 18 | J7: ='3.古平町立診療所海のまちクリニック'!J7+'5.古平町高齢者総合支援センター'!J7 -> 16 | ... AY7: ='3.古平町立診療所海のまちクリニック'!AY7+'5.古平町高齢者総合支援センター'!AY7 -> 1256
A8: 45510 | B8: 火曜日 | C8: ='3.古平町立診療所海のまちクリニック'!C8+'5.古平町高齢者総合支援センター'!C8 -> 16 | D8: ='3.古平町立診療所海のまちクリニック'!D8+'5.古平町高齢者総合支援センター'!D8 -> 18 | E8: ='3.古平町立診療所海のまちクリニック'!E8+'5.古平町高齢者総合支援センター'!E8 -> 16 | F8: ='3.古平町立診療所海のまちクリニック'!F8+'5.古平町高齢者総合支援センター'!F8 -> 16 | G8: ='3.古平町立診療所海のまちクリニック'!G8+'5.古平町高齢者総合支援センター'!G8 -> 18 | H8: ='3.古平町立診療所海のまちクリニック'!H8+'5.古平町高齢者総合支援センター'!H8 -> 16 | I8: ='3.古平町立診療所海のまちクリニック'!I8+'5.古平町高齢者総合支援センター'!I8 -> 16 | J8: ='3.古平町立診療所海のまちクリニック'!J8+'5.古平町高齢者総合支援センター'!J8 -> 18 | ... AY8: ='3.古平町立診療所海のまちクリニック'!AY8+'5.古平町高齢者総合支援センター'!AY8 -> 1350
A9: 45511 | B9: 水曜日 | C9: ='3.古平町立診療所海のまちクリニック'!C9+'5.古平町高齢者総合支援センター'!C9 -> 16 | D9: ='3.古平町立診療所海のまちクリニック'!D9+'5.古平町高齢者総合支援センター'!D9 -> 16 | E9: ='3.古平町立診療所海のまちクリニック'!E9+'5.古平町高齢者総合支援センター'!E9 -> 18 | F9: ='3.古平町立診療所海のまちクリニック'!F9+'5.古平町高齢者総合支援センター'!F9 -> 18 | G9: ='3.古平町立診療所海のまちクリニック'!G9+'5.古平町高齢者総合支援センター'!G9 -> 18 | H9: ='3.古平町立診療所海のまちクリニック'!H9+'5.古平町高齢者総合支援センター'!H9 -> 18 | I9: ='3.古平町立診療所海のまちクリニック'!I9+'5.古平町高齢者総合支援センター'!I9 -> 16 | J9: ='3.古平町立診療所海のまちクリニック'!J9+'5.古平町高齢者総合支援センター'!J9 -> 16 | ... AY9: ='3.古平町立診療所海のまちクリニック'!AY9+'5.古平町高齢者総合支援センター'!AY9 -> 1528
A10: 45512 | B10: 木曜日 | C10: ='3.古平町立診療所海のまちクリニック'!C10+'5.古平町高齢者総合支援センター'!C10 -> 18 | D10: ='3.古平町立診療所海のまちクリニック'!D10+'5.古平町高齢者総合支援センター'!D10 -> 18 | E10: ='3.古平町立診療所海のまちクリニック'!E10+'5.古平町高齢者総合支援センター'!E10 -> 18 | F10: ='3.古平町立診療所海のまちクリニック'!F10+'5.古平町高齢者総合支援センター'!F10 -> 18 | G10: ='3.古平町立診療所海のまちクリニック'!G10+'5.古平町高齢者総合支援センター'!G10 -> 16 | H10: ='3.古平町立診療所海のまちクリニック'!H10+'5.古平町高齢者総合支援センター'!H10 -> 18 | I10: ='3.古平町立診療所海のまちクリニック'!I10+'5.古平町高齢者総合支援センター'!I10 -> 16 | J10: ='3.古平町立診療所海のまちクリニック'!J10+'5.古平町高齢者総合支援センター'!J10 -> 18 | ... AY10: ='3.古平町立診療所海のまちクリニック'!AY10+'5.古平町高齢者総合支援センター'!AY10 -> 1652
A11: 45513 | B11: 金曜日 | C11: ='3.古平町立診療所海のまちクリニック'!C11+'5.古平町高齢者総合支援センター'!C11 -> 20 | D11: ='3.古平町立診療所海のまちクリニック'!D11+'5.古平町高齢者総合支援センター'!D11 -> 18 | E11: ='3.古平町立診療所海のまちクリニック'!E11+'5.古平町高齢者総合支援センター'!E11 -> 20 | F11: ='3.古平町立診療所海のまちクリニック'!F11+'5.古平町高齢者総合支援センター'!F11 -> 18 | G11: ='3.古平町立診療所海のまちクリニック'!G11+'5.古平町高齢者総合支援センター'!G11 -> 18 | H11: ='3.古平町立診療所海のまちクリニック'!H11+'5.古平町高齢者総合支援センター'!H11 -> 16 | I11: ='3.古平町立診療所海のまちクリニック'!I11+'5.古平町高齢者総合支援センター'!I11 -> 20 | J11: ='3.古平町立診療所海のまちクリニック'!J11+'5.古平町高齢者総合支援センター'!J11 -> 16 | ... AY11: ='3.古平町立診療所海のまちクリニック'!AY11+'5.古平町高齢者総合支援センター'!AY11 -> 1706
A12: 45514 | B12: 土曜日 | C12: ='3.古平町立診療所海のまちクリニック'!C12+'5.古平町高齢者総合支援センター'!C12 -> 20 | D12: ='3.古平町立診療所海のまちクリニック'!D12+'5.古平町高齢者総合支援センター'!D12 -> 20 | E12: ='3.古平町立診療所海のまちクリニック'!E12+'5.古平町高齢者総合支援センター'!E12 -> 18 | F12: ='3.古平町立診療所海のまちクリニック'!F12+'5.古平町高齢者総合支援センター'!F12 -> 22 | G12: ='3.古平町立診療所海のまちクリニック'!G12+'5.古平町高齢者総合支援センター'!G12 -> 18 | H12: ='3.古平町立診療所海のまちクリニック'!H12+'5.古平町高齢者総合支援センター'!H12 -> 20 | I12: ='3.古平町立診療所海のまちクリニック'!I12+'5.古平町高齢者総合支援センター'!I12 -> 20 | J12: ='3.古平町立診療所海のまちクリニック'!J12+'5.古平町高齢者総合支援センター'!J12 -> 20 | ... AY12: ='3.古平町立診療所海のまちクリニック'!AY12+'5.古平町高齢者総合支援センター'!AY12 -> 1216
A13: 45515 | B13: 日曜日 | C13: ='3.古平町立診療所海のまちクリニック'!C13+'5.古平町高齢者総合支援センター'!C13 -> 14 | D13: ='3.古平町立診療所海のまちクリニック'!D13+'5.古平町高齢者総合支援センター'!D13 -> 14 | E13: ='3.古平町立診療所海のまちクリニック'!E13+'5.古平町高齢者総合支援センター'!E13 -> 14 | F13: ='3.古平町立診療所海のまちクリニック'!F13+'5.古平町高齢者総合支援センター'!F13 -> 16 | G13: ='3.古平町立診療所海のまちクリニック'!G13+'5.古平町高齢者総合支援センター'!G13 -> 14 | H13: ='3.古平町立診療所海のまちクリニック'!H13+'5.古平町高齢者総合支援センター'!H13 -> 16 | I13: ='3.古平町立診療所海のまちクリニック'!I13+'5.古平町高齢者総合支援センター'!I13 -> 14 | J13: ='3.古平町立診療所海のまちクリニック'!J13+'5.古平町高齢者総合支援センター'!J13 -> 14 | ... AY13: ='3.古平町立診療所海のまちクリニック'!AY13+'5.古平町高齢者総合支援センター'!AY13 -> 1212
A14: 45516 | B14: 月曜日 | C14: ='3.古平町立診療所海のまちクリニック'!C14+'5.古平町高齢者総合支援センター'!C14 -> 16 | D14: ='3.古平町立診療所海のまちクリニック'!D14+'5.古平町高齢者総合支援センター'!D14 -> 20 | E14: ='3.古平町立診療所海のまちクリニック'!E14+'5.古平町高齢者総合支援センター'!E14 -> 18 | F14: ='3.古平町立診療所海のまちクリニック'!F14+'5.古平町高齢者総合支援センター'!F14 -> 18 | G14: ='3.古平町立診療所海のまちクリニック'!G14+'5.古平町高齢者総合支援センター'!G14 -> 16 | H14: ='3.古平町立診療所海のまちクリニック'!H14+'5.古平町高齢者総合支援センター'!H14 -> 16 | I14: ='3.古平町立診療所海のまちクリニック'!I14+'5.古平町高齢者総合支援センター'!I14 -> 18 | J14: ='3.古平町立診療所海のまちクリニック'!J14+'5.古平町高齢者総合支援センター'!J14 -> 16 | ... AY14: ='3.古平町立診療所海のまちクリニック'!AY14+'5.古平町高齢者総合支援センター'!AY14 -> 1606
... A367: 45869 | B367: 木曜日 | C367: ='3.古平町立診療所海のまちクリニック'!C367+'5.古平町高齢者総合支援センター'!C367 -> 26 | D367: ='3.古平町立診療所海のまちクリニック'!D367+'5.古平町高齢者総合支援センター'!D367 -> 28 | E367: ='3.古平町立診療所海のまちクリニック'!E367+'5.古平町高齢者総合支援センター'!E367 -> 26 | F367: ='3.古平町立診療所海のまちクリニック'!F367+'5.古平町高齢者総合支援センター'!F367 -> 26 | G367: ='3.古平町立診療所海のまちクリニック'!G367+'5.古平町高齢者総合支援センター'!G367 -> 24 | H367: ='3.古平町立診療所海のまちクリニック'!H367+'5.古平町高齢者総合支援センター'!H367 -> 24 | I367: ='3.古平町立診療所海のまちクリニック'!I367+'5.古平町高齢者総合支援センター'!I367 -> 26 | J367: ='3.古平町立診療所海のまちクリニック'!J367+'5.古平町高齢者総合支援センター'!J367 -> 24 | ... AY367: ='3.古平町立診療所海のまちクリニック'!AY367+'5.古平町高齢者総合支援センター'!AY367 -> 2086
AY368: =SUM(AY3:AY367) -> 578312

Sheet 4.古平町温泉保養センター
A1: 古平町温泉保養センター（日本海ふるびら温泉しおかぜ）
A2: 日付 | B2: 曜日 | C2: 0.020833333 | D2: 0.041666667 | E2: 0.0625 | F2: 0.083333333 | G2: 0.10416667 | H2: 0.125 | I2: 0.14583333 | J2: 0.16666667 | K2: 0.1875 | L2: 0.20833333 | M2: 0.22916667 | N2: 0.25 | O2: 0.27083333 | P2: 0.29166667 | Q2: 0.3125 | R2: 0.33333333 | S2: 0.35416667 | T2: 0.375 | U2: 0.39583333 | V2: 0.41666667 | W2: 0.4375 | X2: 0.45833333 | Y2: 0.47916667 | Z2: 0.5 | AA2: 0.52083333 | AB2: 0.54166667 | AC2: 0.5625 | AD2: 0.58333333 | AE2: 0.60416667 | AF2: 0.625 | AG2: 0.64583333 | AH2: 0.66666667 | AI2: 0.6875 | AJ2: 0.70833333 | AK2: 0.72916667 | AL2: 0.75 | AM2: 0.77083333 | AN2: 0.79166667 | AO2: 0.8125 | AP2: 0.83333333 | AQ2: 0.85416667 | AR2: 0.875 | AS2: 0.89583333 | AT2: 0.91666667 | AU2: 0.9375 | AV2: 0.95833333 | AW2: 0.97916667 | AX2: 0 | AY2: 日別合計
A3: 45505 | B3: 木曜日 | C3: 14 | D3: 14 | E3: 16 | F3: 14 | G3: 14 | H3: 16 | I3: 14 | J3: 14 | K3: 14 | L3: 14 | M3: 14 | N3: 16 | O3: 18 | P3: 16 | Q3: 16 | R3: 26 | S3: 28 | T3: 22 | U3: 22 | V3: 20 | W3: 24 | X3: 22 | Y3: 24 | Z3: 20 | AA3: 24 | AB3: 20 | AC3: 22 | AD3: 22 | AE3: 24 | AF3: 22 | AG3: 22 | AH3: 24 | AI3: 26 | AJ3: 24 | AK3: 22 | AL3: 20 | AM3: 26 | AN3: 22 | AO3: 26 | AP3: 24 | AQ3: 22 | AR3: 18 | AS3: 18 | AT3: 14 | AU3: 14 | AV3: 14 | AW3: 12 | AX3: 14 | AY3: =SUM(C3:AX3) -> 928
A4: 45506 | B4: 金曜日 | C4: 14 | D4: 14 | E4: 12 | F4: 14 | G4: 14 | H4: 12 | I4: 14 | J4: 14 | K4: 12 | L4: 14 | M4: 14 | N4: 14 | O4: 14 | P4: 22 | Q4: 28 | R4: 22 | S4: 24 | T4: 24 | U4: 22 | V4: 22 | W4: 20 | X4: 22 | Y4: 24 | Z4: 22 | AA4: 24 | AB4: 22 | AC4: 24 | AD4: 22 | AE4: 24 | AF4: 22 | AG4: 26 | AH4: 24 | AI4: 24 | AJ4: 26 | AK4: 22 | AL4: 24 | AM4: 26 | AN4: 26 | AO4: 26 | AP4: 26 | AQ4: 26 | AR4: 24 | AS4: 18 | AT4: 16 | AU4: 16 | AV4: 16 | AW4: 16 | AX4: 16 | AY4: =SUM(C4:AX4) -> 964
A5: 45507 | B5: 土曜日 | C5: 16 | D5: 16 | E5: 14 | F5: 16 | G5: 14 | H5: 14 | I5: 16 | J5: 14 | K5: 14 | L5: 14 | M5: 14 | N5: 18 | O5: 16 | P5: 18 | Q5: 16 | R5: 18 | S5: 28 | T5: 28 | U5: 24 | V5: 22 | W5: 22 | X5: 22 | Y5: 24 | Z5: 24 | AA5: 26 | AB5: 22 | AC5: 24 | AD5: 22 | AE5: 26 | AF5: 22 | AG5: 24 | AH5: 28 | AI5: 24 | AJ5: 24 | AK5: 26 | AL5: 24 | AM5: 26 | AN5: 26 | AO5: 28 | AP5: 26 | AQ5: 26 | AR5: 24 | AS5: 16 | AT5: 16 | AU5: 16 | AV5: 14 | AW5: 16 | AX5: 16 | AY5: =SUM(C5:AX5) -> 984
A6: 45508 | B6: 日曜日 | C6: 14 | D6: 16 | E6: 16 | F6: 14 | G6: 16 | H6: 14 | I6: 14 | J6: 14 | K6: 16 | L6: 14 | M6: 14 | N6: 18 | O6: 16 | P6: 18 | Q6: 18 | R6: 16 | S6: 30 | T6: 28 | U6: 22 | V6: 24 | W6: 22 | X6: 22 | Y6: 22 | Z6: 26 | AA6: 24 | AB6: 24 | AC6: 22 | AD6: 22 | AE6: 22 | AF6: 24 | AG6: 30 | AH6: 26 | AI6: 26 | AJ6: 26 | AK6: 24 | AL6: 22 | AM6: 28 | AN6: 28 | AO6: 26 | AP6: 26 | AQ6: 24 | AR6: 24 | AS6: 16 | AT6: 18 | AU6: 14 | AV6: 14 | AW6: 14 | AX6: 16 | AY6: =SUM(C6:AX6) -> 984
A7: 45509 | B7: 月曜日 | C7: 14 | D7: 14 | E7: 14 | F7: 16 | G7: 14 | H7: 14 | I7: 14 | J7: 16 | K7: 14 | L7: 14 | M7: 14 | N7: 14 | O7: 14 | P7: 16 | Q7: 18 | R7: 16 | S7: 18 | T7: 28 | U7: 30 | V7: 22 | W7: 22 | X7: 26 | Y7: 24 | Z7: 22 | AA7: 26 | AB7: 22 | AC7: 22 | AD7: 22 | AE7: 22 | AF7: 26 | AG7: 22 | AH7: 24 | AI7: 24 | AJ7: 24 | AK7: 26 | AL7: 26 | AM7: 24 | AN7: 22 | AO7: 26 | AP7: 26 | AQ7: 28 | AR7: 20 | AS7: 16 | AT7: 16 | AU7: 14 | AV7: 14 | AW7: 14 | AX7: 14 | AY7: =SUM(C7:AX7) -> 948
A8: 45510 | B8: 火曜日 | C8: 14 | D8: 14 | E8: 16 | F8: 14 | G8: 14 | H8: 14 | I8: 14 | J8: 14 | K8: 14 | L8: 14 | M8: 16 | N8: 14 | O8: 16 | P8: 16 | Q8: 16 | R8: 20 | S8: 28 | T8: 24 | U8: 24 | V8: 22 | W8: 22 | X8: 22 | Y8: 24 | Z8: 20 | AA8: 24 | AB8: 24 | AC8: 24 | AD8: 22 | AE8: 22 | AF8: 24 | AG8: 22 | AH8: 22 | AI8: 22 | AJ8: 22 | AK8: 24 | AL8: 22 | AM8: 24 | AN8: 26 | AO8: 26 | AP8: 24 | AQ8: 26 | AR8: 22 | AS8: 20 | AT8: 18 | AU8: 16 | AV8: 16 | AW8: 14 | AX8: 14 | AY8: =SUM(C8:AX8) -> 946
A9: 45511 | B9: 水曜日 | C9: 16 | D9: 14 | E9: 14 | F9: 14 | G9: 16 | H9: 14 | I9: 14 | J9: 14 | K9: 14 | L9: 14 | M9: 14 | N9: 14 | O9: 14 | P9: 16 | Q9: 18 | R9: 16 | S9: 22 | T9: 30 | U9: 24 | V9: 22 | W9: 24 | X9: 22 | Y9: 24 | Z9: 22 | AA9: 22 | AB9: 24 | AC9: 20 | AD9: 20 | AE9: 22 | AF9: 24 | AG9: 24 | AH9: 24 | AI9: 26 | AJ9: 24 | AK9: 22 | AL9: 26 | AM9: 26 | AN9: 24 | AO9: 26 | AP9: 26 | AQ9: 24 | AR9: 26 | AS9: 16 | AT9: 16 | AU9: 14 | AV9: 14 | AW9: 14 | AX9: 12 | AY9: =SUM(C9:AX9) -> 942
A10: 45512 | B10: 木曜日 | C10: 14 | D10: 14 | E10: 12 | F10: 14 | G10: 14 | H10: 14 | I10: 12 | J10: 14 | K10: 12 | L10: 14 | M10: 16 | N10: 16 | O10: 16 | P10: 18 | Q10: 16 | R10: 24 | S10: 28 | T10: 22 | U10: 22 | V10: 22 | W10: 24 | X10: 24 | Y10: 22 | Z10: 20 | AA10: 24 | AB10: 22 | AC10: 24 | AD10: 20 | AE10: 22 | AF10: 22 | AG10: 24 | AH10: 22 | AI10: 24 | AJ10: 22 | AK10: 26 | AL10: 22 | AM10: 22 | AN10: 24 | AO10: 26 | AP10: 26 | AQ10: 22 | AR10: 18 | AS10: 16 | AT10: 16 | AU10: 14 | AV10: 14 | AW10: 12 | AX10: 14 | AY10: =SUM(C10:AX10) -> 922
A11: 45513 | B11: 金曜日 | C11: 14 | D11: 12 | E11: 14 | F11: 14 | G11: 12 | H11: 14 | I11: 16 | J11: 14 | K11: 14 | L11: 14 | M11: 14 | N11: 16 | O11: 14 | P11: 20 | Q11: 28 | R11: 22 | S11: 24 | T11: 24 | U11: 22 | V11: 20 | W11: 22 | X11: 22 | Y11: 24 | Z11: 24 | AA11: 24 | AB11: 22 | AC11: 22 | AD11: 24 | AE11: 24 | AF11: 22 | AG11: 24 | AH11: 24 | AI11: 24 | AJ11: 24 | AK11: 22 | AL11: 24 | AM11: 30 | AN11: 26 | AO11: 24 | AP11: 28 | AQ11: 28 | AR11: 20 | AS11: 20 | AT11: 16 | AU11: 16 | AV11: 16 | AW11: 14 | AX11: 16 | AY11: =SUM(C11:AX11) -> 968
A12: 45514 | B12: 土曜日 | C12: 14 | D12: 14 | E12: 14 | F12: 14 | G12: 14 | H12: 16 | I12: 14 | J12: 14 | K12: 14 | L12: 14 | M12: 16 | N12: 14 | O12: 14 | P12: 14 | Q12: 18 | R12: 16 | S12: 18 | T12: 30 | U12: 28 | V12: 22 | W12: 24 | X12: 24 | Y12: 22 | Z12: 24 | AA12: 24 | AB12: 22 | AC12: 24 | AD12: 24 | AE12: 22 | AF12: 22 | AG12: 24 | AH12: 28 | AI12: 28 | AJ12: 28 | AK12: 28 | AL12: 26 | AM12: 30 | AN12: 28 | AO12: 28 | AP12: 28 | AQ12: 30 | AR12: 28 | AS12: 18 | AT12: 18 | AU12: 16 | AV12: 14 | AW12: 14 | AX12: 16 | AY12: =SUM(C12:AX12) -> 994
A13: 45515 | B13: 日曜日 | C13: 14 | D13: 14 | E13: 16 | F13: 14 | G13: 14 | H13: 16 | I13: 14 | J13: 14 | K13: 14 | L13: 16 | M13: 14 | N13: 16 | O13: 18 | P13: 18 | Q13: 18 | R13: 20 | S13: 28 | T13: 26 | U13: 24 | V13: 22 | W13: 24 | X13: 24 | Y13: 22 | Z13: 22 | AA13: 24 | AB13: 26 | AC13: 22 | AD13: 22 | AE13: 24 | AF13: 24 | AG13: 24 | AH13: 24 | AI13: 26 | AJ13: 28 | AK13: 28 | AL13: 28 | AM13: 28 | AN13: 30 | AO13: 34 | AP13: 34 | AQ13: 32 | AR13: 26 | AS13: 20 | AT13: 18 | AU13: 14 | AV13: 16 | AW13: 16 | AX13: 16 | AY13: =SUM(C13:AX13) -> 1026
A14: 45516 | B14: 月曜日 | C14: 14 | D14: 14 | E14: 16 | F14: 14 | G14: 14 | H14: 14 | I14: 16 | J14: 14 | K14: 14 | L14: 16 | M14: 14 | N14: 14 | O14: 14 | P14: 18 | Q14: 16 | R14: 18 | S14: 20 | T14: 30 | U14: 30 | V14: 24 | W14: 24 | X14: 22 | Y14: 26 | Z14: 22 | AA14: 24 | AB14: 24 | AC14: 24 | AD14: 24 | AE14: 24 | AF14: 26 | AG14: 26 | AH14: 26 | AI14: 26 | AJ14: 26 | AK14: 28 | AL14: 30 | AM14: 28 | AN14: 28 | AO14: 30 | AP14: 34 | AQ14: 30 | AR14: 24 | AS14: 18 | AT14: 16 | AU14: 14 | AV14: 14 | AW14: 16 | AX14: 14 | AY14: =SUM(C14:AX14) -> 1012
... A367: 45869 | B367: 木曜日 | C367: 14 | D367: 14 | E367: 14 | F367: 14 | G367: 14 | H367: 14 | I367: 14 | J367: 14 | K367: 14 | L367: 16 | M367: 14 | N367: 18 | O367: 16 | P367: 16 | Q367: 16 | R367: 18 | S367: 18 | T367: 30 | U367: 26 | V367: 22 | W367: 22 | X367: 22 | Y367: 20 | Z367: 22 | AA367: 24 | AB367: 24 | AC367: 22 | AD367: 20 | AE367: 22 | AF367: 22 | AG367: 22 | AH367: 24 | AI367: 20 | AJ367: 20 | AK367: 22 | AL367: 22 | AM367: 24 | AN367: 24 | AO367: 26 | AP367: 24 | AQ367: 26 | AR367: 18 | AS367: 16 | AT367: 16 | AU367: 14 | AV367: 14 | AW367: 12 | AX367: 14 | AY367: =SUM(C367:AX367) -> 914
AY368: =SUM(AY3:AY367) -> 345998

Sheet 6.古平町下水道管理センター水処理棟
A1: 古平町下水道管理センター 水処理棟
A2: 日付 | B2: 曜日 | C2: 0.020833333 | D2: 0.041666667 | E2: 0.0625 | F2: 0.083333333 | G2: 0.10416667 | H2: 0.125 | I2: 0.14583333 | J2: 0.16666667 | K2: 0.1875 | L2: 0.20833333 | M2: 0.22916667 | N2: 0.25 | O2: 0.27083333 | P2: 0.29166667 | Q2: 0.3125 | R2: 0.33333333 | S2: 0.35416667 | T2: 0.375 | U2: 0.39583333 | V2: 0.41666667 | W2: 0.4375 | X2: 0.45833333 | Y2: 0.47916667 | Z2: 0.5 | AA2: 0.52083333 | AB2: 0.54166667 | AC2: 0.5625 | AD2: 0.58333333 | AE2: 0.60416667 | AF2: 0.625 | AG2: 0.64583333 | AH2: 0.66666667 | AI2: 0.6875 | AJ2: 0.70833333 | AK2: 0.72916667 | AL2: 0.75 | AM2: 0.77083333 | AN2: 0.79166667 | AO2: 0.8125 | AP2: 0.83333333 | AQ2: 0.85416667 | AR2: 0.875 | AS2: 0.89583333 | AT2: 0.91666667 | AU2: 0.9375 | AV2: 0.95833333 | AW2: 0.97916667 | AX2: 0 | AY2: 日別合計
A3: 45505 | B3: 木曜日 | C3: 28 | D3: 28 | E3: 12 | F3: 10 | G3: 8 | H3: 10 | I3: 26 | J3: 26 | K3: 30 | L3: 12 | M3: 8 | N3: 10 | O3: 10 | P3: 12 | Q3: 26 | R3: 22 | S3: 20 | T3: 18 | U3: 32 | V3: 34 | W3: 40 | X3: 14 | Y3: 24 | Z3: 28 | AA3: 22 | AB3: 14 | AC3: 38 | AD3: 34 | AE3: 32 | AF3: 16 | AG3: 30 | AH3: 20 | AI3: 24 | AJ3: 18 | AK3: 10 | AL3: 14 | AM3: 34 | AN3: 36 | AO3: 30 | AP3: 26 | AQ3: 24 | AR3: 22 | AS3: 16 | AT3: 28 | AU3: 34 | AV3: 32 | AW3: 10 | AX3: 26 | AY3: =SUM(C3:AX3) -> 1078
A4: 45506 | B4: 金曜日 | C4: 34 | D4: 26 | E4: 12 | F4: 8 | G4: 12 | H4: 10 | I4: 24 | J4: 28 | K4: 32 | L4: 18 | M4: 6 | N4: 16 | O4: 8 | P4: 16 | Q4: 24 | R4: 26 | S4: 22 | T4: 12 | U4: 42 | V4: 36 | W4: 40 | X4: 20 | Y4: 24 | Z4: 28 | AA4: 24 | AB4: 14 | AC4: 36 | AD4: 38 | AE4: 36 | AF4: 16 | AG4: 28 | AH4: 28 | AI4: 24 | AJ4: 16 | AK4: 14 | AL4: 16 | AM4: 32 | AN4: 36 | AO4: 32 | AP4: 24 | AQ4: 26 | AR4: 24 | AS4: 14 | AT4: 34 | AU4: 32 | AV4: 32 | AW4: 14 | AX4: 26 | AY4: =SUM(C4:AX4) -> 1140
A5: 45507 | B5: 土曜日 | C5: 32 | D5: 34 | E5: 12 | F5: 8 | G5: 8 | H5: 8 | I5: 30 | J5: 34 | K5: 32 | L5: 18 | M5: 12 | N5: 10 | O5: 12 | P5: 18 | Q5: 22 | R5: 22 | S5: 20 | T5: 14 | U5: 32 | V5: 36 | W5: 32 | X5: 14 | Y5: 24 | Z5: 24 | AA5: 20 | AB5: 16 | AC5: 32 | AD5: 32 | AE5: 36 | AF5: 12 | AG5: 20 | AH5: 24 | AI5: 28 | AJ5: 14 | AK5: 8 | AL5: 18 | AM5: 36 | AN5: 30 | AO5: 38 | AP5: 22 | AQ5: 24 | AR5: 26 | AS5: 14 | AT5: 30 | AU5: 38 | AV5: 30 | AW5: 12 | AX5: 28 | AY5: =SUM(C5:AX5) -> 1096
A6: 45508 | B6: 日曜日 | C6: 32 | D6: 30 | E6: 12 | F6: 8 | G6: 6 | H6: 12 | I6: 28 | J6: 26 | K6: 30 | L6: 8 | M6: 8 | N6: 12 | O6: 12 | P6: 12 | Q6: 22 | R6: 20 | S6: 20 | T6: 12 | U6: 32 | V6: 36 | W6: 30 | X6: 18 | Y6: 24 | Z6: 20 | AA6: 18 | AB6: 18 | AC6: 30 | AD6: 30 | AE6: 32 | AF6: 14 | AG6: 18 | AH6: 24 | AI6: 20 | AJ6: 16 | AK6: 8 | AL6: 12 | AM6: 32 | AN6: 32 | AO6: 30 | AP6: 28 | AQ6: 22 | AR6: 22 | AS6: 14 | AT6: 28 | AU6: 32 | AV6: 34 | AW6: 8 | AX6: 26 | AY6: =SUM(C6:AX6) -> 1018
A7: 45509 | B7: 月曜日 | C7: 30 | D7: 32 | E7: 10 | F7: 6 | G7: 4 | H7: 10 | I7: 24 | J7: 32 | K7: 30 | L7: 10 | M7: 6 | N7: 8 | O7: 10 | P7: 12 | Q7: 24 | R7: 20 | S7: 18 | T7: 16 | U7: 30 | V7: 34 | W7: 40 | X7: 34 | Y7: 32 | Z7: 36 | AA7: 38 | AB7: 22 | AC7: 32 | AD7: 38 | AE7: 42 | AF7: 24 | AG7: 32 | AH7: 36 | AI7: 34 | AJ7: 18 | AK7: 10 | AL7: 14 | AM7: 28 | AN7: 32 | AO7: 36 | AP7: 20 | AQ7: 24 | AR7: 24 | AS7: 10 | AT7: 32 | AU7: 40 | AV7: 36 | AW7: 16 | AX7: 26 | AY7: =SUM(C7:AX7) -> 1172
A8: 45510 | B8: 火曜日 | C8: 26 | D8: 28 | E8: 12 | F8: 10 | G8: 8 | H8: 6 | I8: 26 | J8: 26 | K8: 30 | L8: 8 | M8: 8 | N8: 10 | O8: 12 | P8: 14 | Q8: 20 | R8: 22 | S8: 22 | T8: 12 | U8: 32 | V8: 36 | W8: 36 | X8: 18 | Y8: 26 | Z8: 26 | AA8: 22 | AB8: 18 | AC8: 34 | AD8: 34 | AE8: 36 | AF8: 18 | AG8: 26 | AH8: 28 | AI8: 26 | AJ8: 18 | AK8: 12 | AL8: 14 | AM8: 34 | AN8: 36 | AO8: 30 | AP8: 24 | AQ8: 24 | AR8: 22 | AS8: 14 | AT8: 28 | AU8: 32 | AV8: 34 | AW8: 8 | AX8: 28 | AY8: =SUM(C8:AX8) -> 1074
A9: 45511 | B9: 水曜日 | C9: 30 | D9: 30 | E9: 10 | F9: 6 | G9: 8 | H9: 6 | I9: 26 | J9: 32 | K9: 28 | L9: 10 | M9: 8 | N9: 8 | O9: 8 | P9: 18 | Q9: 28 | R9: 22 | S9: 22 | T9: 16 | U9: 36 | V9: 40 | W9: 40 | X9: 24 | Y9: 32 | Z9: 28 | AA9: 24 | AB9: 12 | AC9: 38 | AD9: 34 | AE9: 36 | AF9: 16 | AG9: 30 | AH9: 26 | AI9: 24 | AJ9: 18 | AK9: 12 | AL9: 14 | AM9: 34 | AN9: 34 | AO9: 34 | AP9: 24 | AQ9: 26 | AR9: 22 | AS9: 18 | AT9: 30 | AU9: 34 | AV9: 36 | AW9: 12 | AX9: 26 | AY9: =SUM(C9:AX9) -> 1130
A10: 45512 | B10: 木曜日 | C10: 28 | D10: 36 | E10: 8 | F10: 6 | G10: 8 | H10: 8 | I10: 26 | J10: 28 | K10: 30 | L10: 16 | M10: 10 | N10: 8 | O10: 10 | P10: 16 | Q10: 26 | R10: 28 | S10: 20 | T10: 18 | U10: 40 | V10: 36 | W10: 40 | X10: 24 | Y10: 26 | Z10: 28 | AA10: 28 | AB10: 16 | AC10: 34 | AD10: 38 | AE10: 44 | AF10: 18 | AG10: 28 | AH10: 30 | AI10: 30 | AJ10: 20 | AK10: 20 | AL10: 16 | AM10: 36 | AN10: 38 | AO10: 38 | AP10: 26 | AQ10: 30 | AR10: 24 | AS10: 16 | AT10: 34 | AU10: 32 | AV10: 32 | AW10: 16 | AX10: 26 | AY10: =SUM(C10:AX10) -> 1194
A11: 45513 | B11: 金曜日 | C11: 30 | D11: 32 | E11: 16 | F11: 10 | G11: 8 | H11: 10 | I11: 26 | J11: 30 | K11: 32 | L11: 10 | M11: 14 | N11: 14 | O11: 14 | P11: 16 | Q11: 26 | R11: 28 | S11: 18 | T11: 18 | U11: 30 | V11: 38 | W11: 42 | X11: 30 | Y11: 44 | Z11: 42 | AA11: 36 | AB11: 30 | AC11: 38 | AD11: 36 | AE11: 40 | AF11: 32 | AG11: 36 | AH11: 34 | AI11: 28 | AJ11: 30 | AK11: 28 | AL11: 20 | AM11: 40 | AN11: 38 | AO11: 36 | AP11: 28 | AQ11: 28 | AR11: 24 | AS11: 16 | AT11: 34 | AU11: 32 | AV11: 36 | AW11: 18 | AX11: 28 | AY11: =SUM(C11:AX11) -> 1324
A12: 45514 | B12: 土曜日 | C12: 30 | D12: 34 | E12: 14 | F12: 10 | G12: 10 | H12: 10 | I12: 28 | J12: 30 | K12: 38 | L12: 10 | M12: 10 | N12: 12 | O12: 12 | P12: 16 | Q12: 26 | R12: 24 | S12: 18 | T12: 16 | U12: 38 | V12: 32 | W12: 38 | X12: 20 | Y12: 22 | Z12: 24 | AA12: 20 | AB12: 12 | AC12: 34 | AD12: 34 | AE12: 36 | AF12: 12 | AG12: 22 | AH12: 30 | AI12: 22 | AJ12: 14 | AK12: 10 | AL12: 20 | AM12: 36 | AN12: 32 | AO12: 34 | AP12: 28 | AQ12: 24 | AR12: 28 | AS12: 14 | AT12: 30 | AU12: 38 | AV12: 34 | AW12: 10 | AX12: 26 | AY12: =SUM(C12:AX12) -> 1122
A13: 45515 | B13: 日曜日 | C13: 34 | D13: 32 | E13: 10 | F13: 6 | G13: 8 | H13: 8 | I13: 28 | J13: 34 | K13: 30 | L13: 18 | M13: 10 | N13: 10 | O13: 8 | P13: 18 | Q13: 26 | R13: 22 | S13: 18 | T13: 16 | U13: 32 | V13: 34 | W13: 38 | X13: 18 | Y13: 22 | Z13: 30 | AA13: 20 | AB13: 12 | AC13: 36 | AD13: 34 | AE13: 32 | AF13: 12 | AG13: 24 | AH13: 26 | AI13: 24 | AJ13: 16 | AK13: 14 | AL13: 14 | AM13: 30 | AN13: 38 | AO13: 34 | AP13: 22 | AQ13: 30 | AR13: 22 | AS13: 12 | AT13: 34 | AU13: 32 | AV13: 32 | AW13: 14 | AX13: 30 | AY13: =SUM(C13:AX13) -> 1104
A14: 45516 | B14: 月曜日 | C14: 28 | D14: 32 | E14: 14 | F14: 8 | G14: 12 | H14: 10 | I14: 24 | J14: 30 | K14: 30 | L14: 10 | M14: 8 | N14: 18 | O14: 8 | P14: 14 | Q14: 24 | R14: 24 | S14: 20 | T14: 14 | U14: 38 | V14: 32 | W14: 34 | X14: 26 | Y14: 24 | Z14: 24 | AA14: 22 | AB14: 12 | AC14: 34 | AD14: 38 | AE14: 34 | AF14: 10 | AG14: 28 | AH14: 26 | AI14: 24 | AJ14: 12 | AK14: 18 | AL14: 14 | AM14: 32 | AN14: 38 | AO14: 34 | AP14: 24 | AQ14: 30 | AR14: 24 | AS14: 12 | AT14: 36 | AU14: 32 | AV14: 36 | AW14: 14 | AX14: 28 | AY14: =SUM(C14:AX14) -> 1118
... A367: 45869 | B367: 木曜日 | C367: 30 | D367: 18 | E367: 12 | F367: 8 | G367: 12 | H367: 12 | I367: 26 | J367: 28 | K367: 16 | L367: 8 | M367: 12 | N367: 10 | O367: 10 | P367: 20 | Q367: 20 | R367: 22 | S367: 18 | T367: 12 | U367: 36 | V367: 42 | W367: 28 | X367: 20 | Y367: 26 | Z367: 28 | AA367: 16 | AB367: 16 | AC367: 36 | AD367: 34 | AE367: 20 | AF367: 12 | AG367: 26 | AH367: 22 | AI367: 16 | AJ367: 14 | AK367: 18 | AL367: 12 | AM367: 34 | AN367: 32 | AO367: 20 | AP367: 22 | AQ367: 28 | AR367: 14 | AS367: 16 | AT367: 32 | AU367: 30 | AV367: 18 | AW367: 14 | AX367: 26 | AY367: =SUM(C367:AX367) -> 1002
Q368: =MIN(Q3:Q367) -> 16 | R368: =MIN(R3:R367) -> 10 | S368: =MIN(S3:S367) -> 6 | T368: =MIN(T3:T367) -> 6 | U368: =MIN(U3:U367) -> 26 | V368: =MIN(V3:V367) -> 22 | W368: =MIN(W3:W367) -> 8 | X368: =MIN(X3:X367) -> 6 | ... AQ368: =MIN(AQ3:AQ367) -> 16 | AY368: =SUM(AY3:AY367) -> 349076

Sheet 7.古平町B&G海洋センター
A1: 古平町B&G海洋センター
A2: 日付 | B2: 曜日 | C2: 0.020833333 | D2: 0.041666667 | E2: 0.0625 | F2: 0.083333333 | G2: 0.10416667 | H2: 0.125 | I2: 0.14583333 | J2: 0.16666667 | K2: 0.1875 | L2: 0.20833333 | M2: 0.22916667 | N2: 0.25 | O2: 0.27083333 | P2: 0.29166667 | Q2: 0.3125 | R2: 0.33333333 | S2: 0.35416667 | T2: 0.375 | U2: 0.39583333 | V2: 0.41666667 | W2: 0.4375 | X2: 0.45833333 | Y2: 0.47916667 | Z2: 0.5 | AA2: 0.52083333 | AB2: 0.54166667 | AC2: 0.5625 | AD2: 0.58333333 | AE2: 0.60416667 | AF2: 0.625 | AG2: 0.64583333 | AH2: 0.66666667 | AI2: 0.6875 | AJ2: 0.70833333 | AK2: 0.72916667 | AL2: 0.75 | AM2: 0.77083333 | AN2: 0.79166667 | AO2: 0.8125 | AP2: 0.83333333 | AQ2: 0.85416667 | AR2: 0.875 | AS2: 0.89583333 | AT2: 0.91666667 | AU2: 0.9375 | AV2: 0.95833333 | AW2: 0.97916667 | AX2: 0 | AY2: 日別合計
A3: 45505 | B3: 木曜日 | C3: 12 | D3: 12 | E3: 12 | F3: 12 | G3: 12 | H3: 12 | I3: 12 | J3: 12 | K3: 12 | L3: 12 | M3: 12 | N3: 12 | O3: 12 | P3: 12 | Q3: 12 | R3: 12 | S3: 12 | T3: 12 | U3: 16 | V3: 14 | W3: 16 | X3: 14 | Y3: 16 | Z3: 14 | AA3: 16 | AB3: 14 | AC3: 18 | AD3: 16 | AE3: 18 | AF3: 16 | AG3: 14 | AH3: 14 | AI3: 14 | AJ3: 14 | AK3: 14 | AL3: 14 | AM3: 18 | AN3: 22 | AO3: 20 | AP3: 20 | AQ3: 20 | AR3: 20 | AS3: 14 | AT3: 12 | AU3: 12 | AV3: 12 | AW3: 12 | AX3: 12 | AY3: =SUM(C3:AX3) -> 682
A4: 45506 | B4: 金曜日 | C4: 12 | D4: 12 | E4: 12 | F4: 14 | G4: 12 | H4: 12 | I4: 12 | J4: 12 | K4: 12 | L4: 12 | M4: 12 | N4: 12 | O4: 12 | P4: 12 | Q4: 12 | R4: 12 | S4: 12 | T4: 12 | U4: 14 | V4: 12 | W4: 14 | X4: 14 | Y4: 16 | Z4: 18 | AA4: 14 | AB4: 16 | AC4: 16 | AD4: 18 | AE4: 14 | AF4: 16 | AG4: 14 | AH4: 16 | AI4: 14 | AJ4: 14 | AK4: 14 | AL4: 16 | AM4: 24 | AN4: 22 | AO4: 22 | AP4: 22 | AQ4: 14 | AR4: 14 | AS4: 12 | AT4: 12 | AU4: 12 | AV4: 12 | AW4: 14 | AX4: 12 | AY4: =SUM(C4:AX4) -> 680
A5: 45507 | B5: 土曜日 | C5: 12 | D5: 12 | E5: 12 | F5: 12 | G5: 12 | H5: 12 | I5: 12 | J5: 12 | K5: 12 | L5: 12 | M5: 12 | N5: 12 | O5: 12 | P5: 12 | Q5: 14 | R5: 12 | S5: 12 | T5: 12 | U5: 14 | V5: 12 | W5: 14 | X5: 12 | Y5: 12 | Z5: 14 | AA5: 14 | AB5: 12 | AC5: 16 | AD5: 14 | AE5: 14 | AF5: 16 | AG5: 16 | AH5: 16 | AI5: 16 | AJ5: 14 | AK5: 16 | AL5: 14 | AM5: 18 | AN5: 18 | AO5: 18 | AP5: 16 | AQ5: 14 | AR5: 14 | AS5: 12 | AT5: 12 | AU5: 12 | AV5: 12 | AW5: 12 | AX5: 12 | AY5: =SUM(C5:AX5) -> 644
A6: 45508 | B6: 日曜日 | C6: 12 | D6: 14 | E6: 10 | F6: 14 | G6: 12 | H6: 12 | I6: 12 | J6: 12 | K6: 12 | L6: 12 | M6: 12 | N6: 12 | O6: 12 | P6: 12 | Q6: 12 | R6: 12 | S6: 12 | T6: 12 | U6: 20 | V6: 18 | W6: 18 | X6: 20 | Y6: 18 | Z6: 20 | AA6: 18 | AB6: 20 | AC6: 14 | AD6: 14 | AE6: 14 | AF6: 14 | AG6: 14 | AH6: 14 | AI6: 14 | AJ6: 14 | AK6: 14 | AL6: 14 | AM6: 18 | AN6: 24 | AO6: 22 | AP6: 18 | AQ6: 18 | AR6: 18 | AS6: 14 | AT6: 12 | AU6: 12 | AV6: 14 | AW6: 12 | AX6: 12 | AY6: =SUM(C6:AX6) -> 704
A7: 45509 | B7: 月曜日 | C7: 12 | D7: 12 | E7: 12 | F7: 12 | G7: 12 | H7: 12 | I7: 12 | J7: 12 | K7: 12 | L7: 12 | M7: 12 | N7: 12 | O7: 12 | P7: 12 | Q7: 12 | R7: 12 | S7: 12 | T7: 12 | U7: 12 | V7: 14 | W7: 12 | X7: 12 | Y7: 12 | Z7: 12 | AA7: 12 | AB7: 12 | AC7: 12 | AD7: 12 | AE7: 12 | AF7: 12 | AG7: 12 | AH7: 12 | AI7: 12 | AJ7: 12 | AK7: 12 | AL7: 12 | AM7: 12 | AN7: 14 | AO7: 12 | AP7: 12 | AQ7: 14 | AR7: 12 | AS7: 12 | AT7: 12 | AU7: 12 | AV7: 12 | AW7: 12 | AX7: 14 | AY7: =SUM(C7:AX7) -> 584
A8: 45510 | B8: 火曜日 | C8: 12 | D8: 12 | E8: 12 | F8: 12 | G8: 12 | H8: 12 | I8: 12 | J8: 12 | K8: 12 | L8: 12 | M8: 12 | N8: 12 | O8: 12 | P8: 12 | Q8: 12 | R8: 12 | S8: 12 | T8: 12 | U8: 20 | V8: 20 | W8: 18 | X8: 14 | Y8: 16 | Z8: 18 | AA8: 16 | AB8: 14 | AC8: 14 | AD8: 20 | AE8: 20 | AF8: 20 | AG8: 24 | AH8: 22 | AI8: 20 | AJ8: 22 | AK8: 20 | AL8: 22 | AM8: 18 | AN8: 20 | AO8: 22 | AP8: 20 | AQ8: 20 | AR8: 18 | AS8: 14 | AT8: 12 | AU8: 12 | AV8: 12 | AW8: 12 | AX8: 14 | AY8: =SUM(C8:AX8) -> 750
A9: 45511 | B9: 水曜日 | C9: 12 | D9: 12 | E9: 12 | F9: 12 | G9: 12 | H9: 12 | I9: 12 | J9: 12 | K9: 12 | L9: 12 | M9: 12 | N9: 14 | O9: 12 | P9: 12 | Q9: 12 | R9: 12 | S9: 12 | T9: 14 | U9: 12 | V9: 14 | W9: 14 | X9: 14 | Y9: 14 | Z9: 14 | AA9: 14 | AB9: 16 | AC9: 16 | AD9: 18 | AE9: 18 | AF9: 18 | AG9: 18 | AH9: 18 | AI9: 20 | AJ9: 18 | AK9: 18 | AL9: 22 | AM9: 20 | AN9: 22 | AO9: 20 | AP9: 22 | AQ9: 20 | AR9: 18 | AS9: 12 | AT9: 12 | AU9: 14 | AV9: 12 | AW9: 12 | AX9: 12 | AY9: =SUM(C9:AX9) -> 712
A10: 45512 | B10: 木曜日 | C10: 12 | D10: 12 | E10: 14 | F10: 12 | G10: 12 | H10: 12 | I10: 12 | J10: 12 | K10: 14 | L10: 12 | M10: 12 | N10: 12 | O10: 12 | P10: 12 | Q10: 12 | R10: 14 | S10: 12 | T10: 12 | U10: 14 | V10: 14 | W10: 14 | X10: 14 | Y10: 12 | Z10: 16 | AA10: 14 | AB10: 14 | AC10: 18 | AD10: 16 | AE10: 18 | AF10: 20 | AG10: 22 | AH10: 20 | AI10: 22 | AJ10: 22 | AK10: 20 | AL10: 18 | AM10: 18 | AN10: 20 | AO10: 22 | AP10: 18 | AQ10: 16 | AR10: 16 | AS10: 12 | AT10: 12 | AU10: 12 | AV10: 14 | AW10: 12 | AX10: 12 | AY10: =SUM(C10:AX10) -> 714
A11: 45513 | B11: 金曜日 | C11: 12 | D11: 12 | E11: 12 | F11: 12 | G11: 12 | H11: 14 | I11: 12 | J11: 12 | K11: 12 | L11: 12 | M11: 12 | N11: 12 | O11: 14 | P11: 12 | Q11: 12 | R11: 14 | S11: 12 | T11: 14 | U11: 14 | V11: 16 | W11: 20 | X11: 16 | Y11: 18 | Z11: 18 | AA11: 18 | AB11: 20 | AC11: 18 | AD11: 18 | AE11: 16 | AF11: 14 | AG11: 16 | AH11: 14 | AI11: 14 | AJ11: 14 | AK11: 14 | AL11: 16 | AM11: 20 | AN11: 20 | AO11: 20 | AP11: 18 | AQ11: 14 | AR11: 14 | AS11: 14 | AT11: 12 | AU11: 12 | AV11: 12 | AW11: 12 | AX11: 14 | AY11: =SUM(C11:AX11) -> 700
A12: 45514 | B12: 土曜日 | C12: 12 | D12: 12 | E12: 12 | F12: 12 | G12: 12 | H12: 14 | I12: 12 | J12: 12 | K12: 12 | L12: 12 | M12: 12 | N12: 12 | O12: 12 | P12: 14 | Q12: 12 | R12: 12 | S12: 12 | T12: 14 | U12: 12 | V12: 14 | W12: 12 | X12: 14 | Y12: 12 | Z12: 14 | AA12: 14 | AB12: 12 | AC12: 16 | AD12: 16 | AE12: 16 | AF12: 16 | AG12: 16 | AH12: 16 | AI12: 20 | AJ12: 18 | AK12: 14 | AL12: 18 | AM12: 20 | AN12: 20 | AO12: 20 | AP12: 20 | AQ12: 20 | AR12: 18 | AS12: 12 | AT12: 14 | AU12: 12 | AV12: 12 | AW12: 12 | AX12: 12 | AY12: =SUM(C12:AX12) -> 684
A13: 45515 | B13: 日曜日 | C13: 12 | D13: 12 | E13: 12 | F13: 14 | G13: 12 | H13: 12 | I13: 12 | J13: 12 | K13: 12 | L13: 12 | M13: 14 | N13: 12 | O13: 12 | P13: 12 | Q13: 12 | R13: 12 | S13: 12 | T13: 14 | U13: 20 | V13: 22 | W13: 20 | X13: 20 | Y13: 20 | Z13: 20 | AA13: 20 | AB13: 16 | AC13: 14 | AD13: 14 | AE13: 14 | AF13: 16 | AG13: 14 | AH13: 14 | AI13: 14 | AJ13: 14 | AK13: 14 | AL13: 14 | AM13: 16 | AN13: 20 | AO13: 18 | AP13: 20 | AQ13: 20 | AR13: 18 | AS13: 14 | AT13: 12 | AU13: 12 | AV13: 12 | AW13: 12 | AX13: 12 | AY13: =SUM(C13:AX13) -> 708
A14: 45516 | B14: 月曜日 | C14: 12 | D14: 14 | E14: 12 | F14: 12 | G14: 12 | H14: 12 | I14: 12 | J14: 12 | K14: 12 | L14: 14 | M14: 12 | N14: 12 | O14: 12 | P14: 12 | Q14: 12 | R14: 12 | S14: 14 | T14: 12 | U14: 12 | V14: 12 | W14: 12 | X14: 14 | Y14: 12 | Z14: 12 | AA14: 12 | AB14: 14 | AC14: 12 | AD14: 12 | AE14: 12 | AF14: 12 | AG14: 12 | AH14: 12 | AI14: 12 | AJ14: 12 | AK14: 14 | AL14: 12 | AM14: 12 | AN14: 12 | AO14: 14 | AP14: 12 | AQ14: 14 | AR14: 12 | AS14: 14 | AT14: 12 | AU14: 12 | AV14: 12 | AW14: 12 | AX14: 12 | AY14: =SUM(C14:AX14) -> 594
... A367: 45869 | B367: 木曜日 | C367: 12 | D367: 12 | E367: 12 | F367: 12 | G367: 10 | H367: 12 | I367: 12 | J367: 12 | K367: 12 | L367: 12 | M367: 12 | N367: 12 | O367: 12 | P367: 12 | Q367: 12 | R367: 12 | S367: 12 | T367: 14 | U367: 12 | V367: 14 | W367: 14 | X367: 12 | Y367: 20 | Z367: 22 | AA367: 20 | AB367: 14 | AC367: 16 | AD367: 14 | AE367: 16 | AF367: 14 | AG367: 14 | AH367: 18 | AI367: 20 | AJ367: 18 | AK367: 20 | AL367: 18 | AM367: 22 | AN367: 24 | AO367: 24 | AP367: 22 | AQ367: 22 | AR367: 22 | AS367: 12 | AT367: 12 | AU367: 12 | AV367: 12 | AW367: 12 | AX367: 12 | AY367: =SUM(C367:AX367) -> 720
AY368: =SUM(AY3:AY367) -> 131790

Sheet 8.古平町一般廃棄物最終処分場
A1: 古平町一般廃棄物最終処分場（古平町クリーンセンター）
A2: 日付 | B2: 曜日 | D2: 0.020833333 | E2: 0.041666667 | F2: 0.0625 | G2: 0.083333333 | H2: 0.10416667 | I2: 0.125 | J2: 0.14583333 | K2: 0.16666667 | L2: 0.1875 | M2: 0.20833333 | N2: 0.22916667 | O2: 0.25 | P2: 0.27083333 | Q2: 0.29166667 | R2: 0.3125 | S2: 0.33333333 | T2: 0.35416667 | U2: 0.375 | V2: 0.39583333 | W2: 0.41666667 | X2: 0.4375 | Y2: 0.45833333 | Z2: 0.47916667 | AA2: 0.5 | AB2: 0.52083333 | AC2: 0.54166667 | AD2: 0.5625 | AE2: 0.58333333 | AF2: 0.60416667 | AG2: 0.625 | AH2: 0.64583333 | AI2: 0.66666667 | AJ2: 0.6875 | AK2: 0.70833333 | AL2: 0.72916667 | AM2: 0.75 | AN2: 0.77083333 | AO2: 0.79166667 | AP2: 0.8125 | AQ2: 0.83333333 | AR2: 0.85416667 | AS2: 0.875 | AT2: 0.89583333 | AU2: 0.91666667 | AV2: 0.9375 | AW2: 0.95833333 | AX2: 0.97916667 | AY2: 0 | AZ2: 日別合計
A3: 45505 | B3: 木曜日 | C3: =LEFT(B3) -> 木 | D3: 16 | E3: 18 | F3: 18 | G3: 18 | H3: 18 | I3: 18 | J3: 18 | K3: 18 | L3: 18 | M3: 18 | N3: 16 | O3: 20 | P3: 16 | Q3: 18 | R3: 18 | S3: 18 | T3: 20 | U3: 18 | V3: 18 | W3: 18 | X3: 20 | Y3: 18 | Z3: 18 | AA3: 18 | AB3: 18 | AC3: 18 | AD3: 18 | AE3: 18 | AF3: 18 | AG3: 18 | AH3: 20 | AI3: 18 | AJ3: 18 | AK3: 18 | AL3: 18 | AM3: 16 | AN3: 18 | AO3: 18 | AP3: 18 | AQ3: 18 | AR3: 16 | AS3: 18 | AT3: 16 | AU3: 20 | AV3: 16 | AW3: 18 | AX3: 18 | AY3: 16 | AZ3: =SUM(D3:AY3) -> 858
A4: 45506 | B4: 金曜日 | C4: =LEFT(B4) -> 金 | D4: 18 | E4: 16 | F4: 16 | G4: 18 | H4: 16 | I4: 16 | J4: 18 | K4: 18 | L4: 16 | M4: 18 | N4: 18 | O4: 18 | P4: 16 | Q4: 18 | R4: 16 | S4: 18 | T4: 20 | U4: 18 | V4: 18 | W4: 18 | X4: 18 | Y4: 22 | Z4: 20 | AA4: 22 | AB4: 20 | AC4: 20 | AD4: 22 | AE4: 18 | AF4: 22 | AG4: 22 | AH4: 18 | AI4: 20 | AJ4: 16 | AK4: 18 | AL4: 18 | AM4: 16 | AN4: 18 | AO4: 16 | AP4: 18 | AQ4: 16 | AR4: 18 | AS4: 16 | AT4: 18 | AU4: 18 | AV4: 18 | AW4: 16 | AX4: 18 | AY4: 16 | AZ4: =SUM(D4:AY4) -> 866
A5: 45507 | B5: 土曜日 | C5: =LEFT(B5) -> 土 | D5: 18 | E5: 16 | F5: 18 | G5: 16 | H5: 16 | I5: 16 | J5: 16 | K5: 16 | L5: 16 | M5: 18 | N5: 16 | O5: 16 | P5: 18 | Q5: 16 | R5: 18 | S5: 18 | T5: 16 | U5: 18 | V5: 16 | W5: 16 | X5: 18 | Y5: 16 | Z5: 18 | AA5: 16 | AB5: 16 | AC5: 18 | AD5: 16 | AE5: 18 | AF5: 16 | AG5: 16 | AH5: 18 | AI5: 16 | AJ5: 18 | AK5: 18 | AL5: 16 | AM5: 16 | AN5: 18 | AO5: 16 | AP5: 18 | AQ5: 16 | AR5: 16 | AS5: 18 | AT5: 16 | AU5: 18 | AV5: 16 | AW5: 16 | AX5: 18 | AY5: 16 | AZ5: =SUM(D5:AY5) -> 806
A6: 45508 | B6: 日曜日 | C6: =LEFT(B6) -> 日 | D6: 16 | E6: 18 | F6: 16 | G6: 16 | H6: 18 | I6: 16 | J6: 18 | K6: 16 | L6: 16 | M6: 16 | N6: 16 | O6: 16 | P6: 16 | Q6: 16 | R6: 16 | S6: 16 | T6: 20 | U6: 18 | V6: 16 | W6: 18 | X6: 22 | Y6: 16 | Z6: 20 | AA6: 18 | AB6: 18 | AC6: 20 | AD6: 16 | AE6: 22 | AF6: 22 | AG6: 22 | AH6: 18 | AI6: 18 | AJ6: 16 | AK6: 16 | AL6: 16 | AM6: 16 | AN6: 18 | AO6: 14 | AP6: 18 | AQ6: 16 | AR6: 16 | AS6: 18 | AT6: 16 | AU6: 16 | AV6: 18 | AW6: 16 | AX6: 16 | AY6: 16 | AZ6: =SUM(D6:AY6) -> 828
A7: 45509 | B7: 月曜日 | C7: =LEFT(B7) -> 月 | D7: 16 | E7: 16 | F7: 16 | G7: 18 | H7: 16 | I7: 16 | J7: 16 | K7: 16 | L7: 16 | M7: 16 | N7: 16 | O7: 16 | P7: 16 | Q7: 16 | R7: 16 | S7: 16 | T7: 14 | U7: 16 | V7: 16 | W7: 16 | X7: 18 | Y7: 14 | Z7: 16 | AA7: 18 | AB7: 16 | AC7: 16 | AD7: 16 | AE7: 16 | AF7: 16 | AG7: 16 | AH7: 16 | AI7: 16 | AJ7: 16 | AK7: 16 | AL7: 16 | AM7: 16 | AN7: 16 | AO7: 16 | AP7: 16 | AQ7: 16 | AR7: 18 | AS7: 16 | AT7: 16 | AU7: 16 | AV7: 14 | AW7: 18 | AX7: 16 | AY7: 16 | AZ7: =SUM(D7:AY7) -> 772
A8: 45510 | B8: 火曜日 | C8: =LEFT(B8) -> 火 | D8: 14 | E8: 18 | F8: 14 | G8: 16 | H8: 18 | I8: 14 | J8: 18 | K8: 16 | L8: 16 | M8: 16 | N8: 16 | O8: 14 | P8: 16 | Q8: 16 | R8: 16 | S8: 16 | T8: 18 | U8: 22 | V8: 22 | W8: 22 | X8: 20 | Y8: 18 | Z8: 20 | AA8: 16 | AB8: 20 | AC8: 16 | AD8: 18 | AE8: 20 | AF8: 18 | AG8: 16 | AH8: 16 | AI8: 16 | AJ8: 16 | AK8: 16 | AL8: 16 | AM8: 16 | AN8: 16 | AO8: 16 | AP8: 14 | AQ8: 16 | AR8: 16 | AS8: 16 | AT8: 16 | AU8: 16 | AV8: 14 | AW8: 16 | AX8: 16 | AY8: 16 | AZ8: =SUM(D8:AY8) -> 804
A9: 45511 | B9: 水曜日 | C9: =LEFT(B9) -> 水 | D9: 16 | E9: 16 | F9: 16 | G9: 16 | H9: 16 | I9: 14 | J9: 16 | K9: 16 | L9: 14 | M9: 16 | N9: 16 | O9: 16 | P9: 14 | Q9: 16 | R9: 16 | S9: 16 | T9: 18 | U9: 16 | V9: 16 | W9: 18 | X9: 16 | Y9: 16 | Z9: 16 | AA9: 16 | AB9: 16 | AC9: 16 | AD9: 16 | AE9: 18 | AF9: 16 | AG9: 16 | AH9: 18 | AI9: 16 | AJ9: 16 | AK9: 18 | AL9: 14 | AM9: 16 | AN9: 16 | AO9: 16 | AP9: 16 | AQ9: 16 | AR9: 16 | AS9: 14 | AT9: 16 | AU9: 16 | AV9: 14 | AW9: 16 | AX9: 16 | AY9: 14 | AZ9: =SUM(D9:AY9) -> 764
A10: 45512 | B10: 木曜日 | C10: =LEFT(B10) -> 木 | D10: 16 | E10: 16 | F10: 16 | G10: 14 | H10: 16 | I10: 16 | J10: 16 | K10: 14 | L10: 16 | M10: 16 | N10: 14 | O10: 16 | P10: 16 | Q10: 16 | R10: 14 | S10: 20 | T10: 16 | U10: 16 | V10: 18 | W10: 16 | X10: 16 | Y10: 16 | Z10: 18 | AA10: 16 | AB10: 16 | AC10: 16 | AD10: 16 | AE10: 14 | AF10: 16 | AG10: 18 | AH10: 16 | AI10: 18 | AJ10: 16 | AK10: 16 | AL10: 16 | AM10: 16 | AN10: 14 | AO10: 16 | AP10: 16 | AQ10: 14 | AR10: 16 | AS10: 16 | AT10: 14 | AU10: 16 | AV10: 16 | AW10: 14 | AX10: 16 | AY10: 16 | AZ10: =SUM(D10:AY10) -> 762
A11: 45513 | B11: 金曜日 | C11: =LEFT(B11) -> 金 | D11: 16 | E11: 14 | F11: 16 | G11: 14 | H11: 16 | I11: 16 | J11: 14 | K11: 16 | L11: 16 | M11: 14 | N11: 14 | O11: 16 | P11: 16 | Q11: 14 | R11: 16 | S11: 14 | T11: 18 | U11: 18 | V11: 16 | W11: 16 | X11: 16 | Y11: 16 | Z11: 16 | AA11: 18 | AB11: 16 | AC11: 14 | AD11: 18 | AE11: 14 | AF11: 16 | AG11: 16 | AH11: 14 | AI11: 16 | AJ11: 14 | AK11: 16 | AL11: 14 | AM11: 16 | AN11: 14 | AO11: 16 | AP11: 16 | AQ11: 14 | AR11: 16 | AS11: 14 | AT11: 16 | AU11: 14 | AV11: 16 | AW11: 14 | AX11: 14 | AY11: 14 | AZ11: =SUM(D11:AY11) -> 738
A12: 45514 | B12: 土曜日 | C12: =LEFT(B12) -> 土 | D12: 14 | E12: 14 | F12: 12 | G12: 14 | H12: 12 | I12: 12 | J12: 10 | K12: 12 | L12: 10 | M12: 12 | N12: 10 | O12: 12 | P12: 12 | Q12: 10 | R12: 12 | S12: 10 | T12: 10 | U12: 12 | V12: 10 | W12: 12 | X12: 10 | Y12: 12 | Z12: 10 | AA12: 12 | AB12: 10 | AC12: 12 | AD12: 10 | AE12: 12 | AF12: 10 | AG12: 12 | AH12: 10 | AI12: 12 | AJ12: 10 | AK12: 12 | AL12: 10 | AM12: 12 | AN12: 10 | AO12: 12 | AP12: 10 | AQ12: 10 | AR12: 12 | AS12: 10 | AT12: 12 | AU12: 10 | AV12: 12 | AW12: 10 | AX12: 12 | AY12: 10 | AZ12: =SUM(D12:AY12) -> 538
A13: 45515 | B13: 日曜日 | C13: =LEFT(B13) -> 日 | D13: 12 | E13: 10 | F13: 12 | G13: 10 | H13: 12 | I13: 10 | J13: 12 | K13: 10 | L13: 12 | M13: 12 | N13: 10 | O13: 14 | P13: 10 | Q13: 12 | R13: 10 | S13: 10 | T13: 12 | U13: 10 | V13: 12 | W13: 10 | X13: 12 | Y13: 10 | Z13: 12 | AA13: 10 | AB13: 12 | AC13: 10 | AD13: 12 | AE13: 10 | AF13: 10 | AG13: 12 | AH13: 10 | AI13: 12 | AJ13: 12 | AK13: 10 | AL13: 12 | AM13: 10 | AN13: 12 | AO13: 10 | AP13: 12 | AQ13: 10 | AR13: 12 | AS13: 10 | AT13: 12 | AU13: 10 | AV13: 12 | AW13: 10 | AX13: 12 | AY13: 10 | AZ13: =SUM(D13:AY13) -> 530
A14: 45516 | B14: 月曜日 | C14: =LEFT(B14) -> 月 | D14: 12 | E14: 10 | F14: 12 | G14: 10 | H14: 12 | I14: 10 | J14: 12 | K14: 10 | L14: 12 | M14: 10 | N14: 12 | O14: 10 | P14: 12 | Q14: 10 | R14: 12 | S14: 10 | T14: 12 | U14: 10 | V14: 12 | W14: 10 | X14: 12 | Y14: 10 | Z14: 12 | AA14: 10 | AB14: 12 | AC14: 10 | AD14: 12 | AE14: 10 | AF14: 12 | AG14: 10 | AH14: 12 | AI14: 10 | AJ14: 12 | AK14: 10 | AL14: 12 | AM14: 12 | AN14: 10 | AO14: 12 | AP14: 10 | AQ14: 12 | AR14: 10 | AS14: 12 | AT14: 10 | AU14: 12 | AV14: 10 | AW14: 12 | AX14: 10 | AY14: 12 | AZ14: =SUM(D14:AY14) -> 530
... A367: 45869 | B367: 木曜日 | C367: =LEFT(B367) -> 木 | D367: 10 | E367: 12 | F367: 10 | G367: 12 | H367: 12 | I367: 10 | J367: 12 | K367: 10 | L367: 12 | M367: 10 | N367: 12 | O367: 10 | P367: 12 | Q367: 10 | R367: 12 | S367: 10 | T367: 18 | U367: 14 | V367: 14 | W367: 16 | X367: 16 | Y367: 16 | Z367: 14 | AA367: 16 | AB367: 16 | AC367: 14 | AD367: 14 | AE367: 16 | AF367: 14 | AG367: 14 | AH367: 16 | AI367: 14 | AJ367: 14 | AK367: 12 | AL367: 14 | AM367: 10 | AN367: 12 | AO367: 10 | AP367: 12 | AQ367: 12 | AR367: 10 | AS367: 12 | AT367: 10 | AU367: 12 | AV367: 12 | AW367: 10 | AX367: 12 | AY367: 10 | AZ367: =SUM(D367:AY367) -> 602
AZ368: =SUM(AZ3:AZ367) -> 265702

Sheet 9-1.認定こども園ふるびら幼児センターみらい（電灯）
A1: 認定こども園ふるびら幼児センターみらい（従量電灯Ｃ）
A2: 日付 | B2: 曜日 | C2: 0.020833333 | D2: 0.041666667 | E2: 0.0625 | F2: 0.083333333 | G2: 0.10416667 | H2: 0.125 | I2: 0.14583333 | J2: 0.16666667 | K2: 0.1875 | L2: 0.20833333 | M2: 0.22916667 | N2: 0.25 | O2: 0.27083333 | P2: 0.29166667 | Q2: 0.3125 | R2: 0.33333333 | S2: 0.35416667 | T2: 0.375 | U2: 0.39583333 | V2: 0.41666667 | W2: 0.4375 | X2: 0.45833333 | Y2: 0.47916667 | Z2: 0.5 | AA2: 0.52083333 | AB2: 0.54166667 | AC2: 0.5625 | AD2: 0.58333333 | AE2: 0.60416667 | AF2: 0.625 | AG2: 0.64583333 | AH2: 0.66666667 | AI2: 0.6875 | AJ2: 0.70833333 | AK2: 0.72916667 | AL2: 0.75 | AM2: 0.77083333 | AN2: 0.79166667 | AO2: 0.8125 | AP2: 0.83333333 | AQ2: 0.85416667 | AR2: 0.875 | AS2: 0.89583333 | AT2: 0.91666667 | AU2: 0.9375 | AV2: 0.95833333 | AW2: 0.97916667 | AX2: 0 | AY2: 日別合計
A3: 20240801 | B3: 木曜日 | C3: 1.6 | D3: 1.4 | E3: 1.4 | F3: 1.4 | G3: 1.6 | H3: 1.6 | I3: 1.4 | J3: 1.4 | K3: 1.4 | L3: 1.6 | M3: 1.4 | N3: 1.6 | O3: 1.4 | P3: 2.2 | Q3: 3 | R3: 4.6 | S3: 5.2 | T3: 5.2 | U3: 5.2 | V3: 5.2 | W3: 5.4 | X3: 5.4 | Y3: 5.4 | Z3: 5.4 | AA3: 5.4 | AB3: 4.4 | AC3: 4.8 | AD3: 4.4 | AE3: 4.6 | AF3: 4.4 | AG3: 5 | AH3: 4.8 | AI3: 4.8 | AJ3: 3.4 | AK3: 3 | AL3: 2.6 | AM3: 2.4 | AN3: 2.4 | AO3: 2 | AP3: 2 | AQ3: 1.6 | AR3: 1.4 | AS3: 1.6 | AT3: 1.4 | AU3: 1.6 | AV3: 1.4 | AW3: 1.6 | AX3: 1.4 | AY3: =SUM(C3:AX3) -> 143.8
A4: 20240802 | B4: 金曜日 | C4: 1.4 | D4: 1.6 | E4: 1.4 | F4: 1.4 | G4: 1.6 | H4: 1.4 | I4: 1.4 | J4: 1.6 | K4: 1.4 | L4: 1.4 | M4: 1.4 | N4: 1.6 | O4: 1.6 | P4: 2 | Q4: 4 | R4: 5.4 | S4: 6.2 | T4: 5.6 | U4: 5.6 | V4: 6 | W4: 6.2 | X4: 6.4 | Y4: 6.8 | Z4: 6.6 | AA4: 6.6 | AB4: 6.2 | AC4: 4.8 | AD4: 4.6 | AE4: 5 | AF4: 4.6 | AG4: 5.2 | AH4: 5.2 | AI4: 4.6 | AJ4: 3.4 | AK4: 2.8 | AL4: 2.8 | AM4: 2.6 | AN4: 2 | AO4: 1.6 | AP4: 1.4 | AQ4: 1.6 | AR4: 1.6 | AS4: 1.4 | AT4: 1.6 | AU4: 1.4 | AV4: 1.4 | AW4: 1.4 | AX4: 1.6 | AY4: =SUM(C4:AX4) -> 155.4
A5: 20240803 | B5: 土曜日 | C5: 1.4 | D5: 1.6 | E5: 1.4 | F5: 1.4 | G5: 1.6 | H5: 1.6 | I5: 1.4 | J5: 1.4 | K5: 1.6 | L5: 1.4 | M5: 1.4 | N5: 1.6 | O5: 1.4 | P5: 1.4 | Q5: 2.2 | R5: 3.6 | S5: 4 | T5: 3.8 | U5: 5 | V5: 6 | W5: 6 | X5: 4.8 | Y5: 5.4 | Z5: 5 | AA5: 4.6 | AB5: 4.2 | AC5: 3.8 | AD5: 3.8 | AE5: 4 | AF5: 3.4 | AG5: 4 | AH5: 3.8 | AI5: 3.4 | AJ5: 2.4 | AK5: 2 | AL5: 1.8 | AM5: 1.6 | AN5: 1.4 | AO5: 1.6 | AP5: 1.4 | AQ5: 1.6 | AR5: 1.6 | AS5: 1.4 | AT5: 1.6 | AU5: 1.4 | AV5: 1.6 | AW5: 1.4 | AX5: 1.6 | AY5: =SUM(C5:AX5) -> 125.8
A6: 20240804 | B6: 日曜日 | C6: 1.4 | D6: 1.4 | E6: 1.6 | F6: 1.4 | G6: 1.6 | H6: 1.4 | I6: 1.6 | J6: 1.4 | K6: 1.4 | L6: 1.6 | M6: 1.4 | N6: 1.6 | O6: 1.4 | P6: 1.4 | Q6: 1.6 | R6: 1.4 | S6: 1.6 | T6: 1.4 | U6: 1.4 | V6: 1.6 | W6: 1.4 | X6: 1.4 | Y6: 1.6 | Z6: 1.4 | AA6: 1.6 | AB6: 1.4 | AC6: 1.6 | AD6: 1.4 | AE6: 1.6 | AF6: 1.4 | AG6: 1.6 | AH6: 1.4 | AI6: 1.4 | AJ6: 1.6 | AK6: 1.4 | AL6: 1.6 | AM6: 1.4 | AN6: 1.6 | AO6: 1.4 | AP6: 1.6 | AQ6: 1.6 | AR6: 1.6 | AS6: 1.4 | AT6: 1.6 | AU6: 1.6 | AV6: 1.4 | AW6: 1.4 | AX6: 1.6 | AY6: =SUM(C6:AX6) -> 71.6
A7: 20240805 | B7: 月曜日 | C7: 1.4 | D7: 1.4 | E7: 1.4 | F7: 1.4 | G7: 1.6 | H7: 1.4 | I7: 1.4 | J7: 1.4 | K7: 1.6 | L7: 1.4 | M7: 1.4 | N7: 1.6 | O7: 1.4 | P7: 2.2 | Q7: 3.6 | R7: 4.2 | S7: 4.4 | T7: 4.6 | U7: 4.2 | V7: 4 | W7: 4.6 | X7: 4.6 | Y7: 4.4 | Z7: 4.8 | AA7: 4.4 | AB7: 3.6 | AC7: 3.4 | AD7: 3.6 | AE7: 3.8 | AF7: 3.4 | AG7: 4 | AH7: 4 | AI7: 3.4 | AJ7: 3.2 | AK7: 2.8 | AL7: 2.8 | AM7: 2.2 | AN7: 2.2 | AO7: 2.2 | AP7: 1.4 | AQ7: 1.8 | AR7: 1.4 | AS7: 1.6 | AT7: 1.4 | AU7: 1.4 | AV7: 1.6 | AW7: 1.4 | AX7: 1.6 | AY7: =SUM(C7:AX7) -> 127
A8: 20240806 | B8: 火曜日 | C8: 1.4 | D8: 1.4 | E8: 1.6 | F8: 1.4 | G8: 1.6 | H8: 1.4 | I8: 1.6 | J8: 1.4 | K8: 1.4 | L8: 1.4 | M8: 1.4 | N8: 1.6 | O8: 1.6 | P8: 2 | Q8: 3.2 | R8: 3.8 | S8: 4.6 | T8: 4.6 | U8: 5.2 | V8: 5.4 | W8: 4 | X8: 5 | Y8: 5 | Z8: 4.8 | AA8: 5.2 | AB8: 4.4 | AC8: 3.8 | AD8: 4 | AE8: 3.8 | AF8: 3.6 | AG8: 4.6 | AH8: 4.2 | AI8: 3.6 | AJ8: 3.2 | AK8: 3 | AL8: 2.6 | AM8: 2.2 | AN8: 1.4 | AO8: 1.6 | AP8: 1.4 | AQ8: 1.8 | AR8: 1.4 | AS8: 1.4 | AT8: 1.6 | AU8: 1.4 | AV8: 1.4 | AW8: 1.6 | AX8: 1.4 | AY8: =SUM(C8:AX8) -> 131.4
A9: 20240807 | B9: 水曜日 | C9: 1.4 | D9: 1.6 | E9: 1.4 | F9: 1.6 | G9: 1.6 | H9: 1.4 | I9: 1.4 | J9: 1.6 | K9: 1.4 | L9: 1.4 | M9: 1.4 | N9: 1.6 | O9: 1.4 | P9: 2.2 | Q9: 3.4 | R9: 4.2 | S9: 4.8 | T9: 5.2 | U9: 5.4 | V9: 5.2 | W9: 4.8 | X9: 5.2 | Y9: 5.4 | Z9: 5.6 | AA9: 5 | AB9: 4.4 | AC9: 4.2 | AD9: 3.8 | AE9: 4.2 | AF9: 3.8 | AG9: 4.4 | AH9: 4.6 | AI9: 4 | AJ9: 3.2 | AK9: 3 | AL9: 2.6 | AM9: 2.6 | AN9: 2.4 | AO9: 2.4 | AP9: 2 | AQ9: 1.8 | AR9: 1.4 | AS9: 1.4 | AT9: 1.6 | AU9: 1.4 | AV9: 1.4 | AW9: 1.4 | AX9: 1.6 | AY9: =SUM(C9:AX9) -> 139.2
A10: 20240808 | B10: 木曜日 | C10: 1.4 | D10: 1.4 | E10: 1.4 | F10: 1.6 | G10: 1.4 | H10: 1.4 | I10: 1.4 | J10: 1.4 | K10: 1.4 | L10: 1.4 | M10: 1.6 | N10: 1.4 | O10: 1.6 | P10: 2 | Q10: 4 | R10: 5.4 | S10: 6 | T10: 6.2 | U10: 6 | V10: 6 | W10: 5.4 | X10: 6.2 | Y10: 6.2 | Z10: 6.2 | AA10: 5.8 | AB10: 5.2 | AC10: 4.4 | AD10: 4.6 | AE10: 4.8 | AF10: 4.4 | AG10: 5.4 | AH10: 4.8 | AI10: 4 | AJ10: 3.2 | AK10: 3 | AL10: 2.4 | AM10: 2.6 | AN10: 2.4 | AO10: 1.8 | AP10: 1.6 | AQ10: 1.6 | AR10: 1.6 | AS10: 1.4 | AT10: 1.4 | AU10: 1.6 | AV10: 1.4 | AW10: 1.4 | AX10: 1.6 | AY10: =SUM(C10:AX10) -> 150.8
A11: 20240809 | B11: 金曜日 | C11: 1.4 | D11: 1.6 | E11: 1.4 | F11: 1.6 | G11: 1.6 | H11: 1.4 | I11: 1.4 | J11: 1.6 | K11: 1.4 | L11: 1.4 | M11: 1.6 | N11: 1.4 | O11: 1.4 | P11: 1.6 | Q11: 2.8 | R11: 5 | S11: 5 | T11: 5.2 | U11: 5.4 | V11: 5.4 | W11: 4.8 | X11: 5.2 | Y11: 5.6 | Z11: 5.6 | AA11: 5.2 | AB11: 4.6 | AC11: 4.6 | AD11: 4.4 | AE11: 4.4 | AF11: 4.2 | AG11: 5.4 | AH11: 5.2 | AI11: 3.8 | AJ11: 3.2 | AK11: 3.4 | AL11: 2.6 | AM11: 2.4 | AN11: 2.6 | AO11: 2.6 | AP11: 2.6 | AQ11: 2.2 | AR11: 1.4 | AS11: 1.6 | AT11: 1.4 | AU11: 1.6 | AV11: 1.4 | AW11: 1.6 | AX11: 1.4 | AY11: =SUM(C11:AX11) -> 144.6
A12: 20240810 | B12: 土曜日 | C12: 1.4 | D12: 1.6 | E12: 1.4 | F12: 1.6 | G12: 1.6 | H12: 1.4 | I12: 1.4 | J12: 1.6 | K12: 1.4 | L12: 1.4 | M12: 1.4 | N12: 1.6 | O12: 1.4 | P12: 1.6 | Q12: 2.4 | R12: 4.2 | S12: 4 | T12: 3.6 | U12: 3.6 | V12: 3.8 | W12: 3 | X12: 2.8 | Y12: 4 | Z12: 3.6 | AA12: 3.2 | AB12: 3.2 | AC12: 3.2 | AD12: 3.2 | AE12: 3.4 | AF12: 3 | AG12: 3.8 | AH12: 3.6 | AI12: 3 | AJ12: 2.2 | AK12: 2.2 | AL12: 2 | AM12: 1.4 | AN12: 1.6 | AO12: 1.4 | AP12: 1.6 | AQ12: 1.6 | AR12: 1.6 | AS12: 1.4 | AT12: 1.6 | AU12: 1.4 | AV12: 1.4 | AW12: 1.6 | AX12: 1.4 | AY12: =SUM(C12:AX12) -> 109.8
A13: 20240811 | B13: 日曜日 | C13: 1.6 | D13: 1.4 | E13: 1.4 | F13: 1.6 | G13: 1.6 | H13: 1.4 | I13: 1.4 | J13: 1.4 | K13: 1.6 | L13: 1.4 | M13: 1.6 | N13: 1.4 | O13: 1.6 | P13: 1.4 | Q13: 1.4 | R13: 1.6 | S13: 1.6 | T13: 1.4 | U13: 1.6 | V13: 1.4 | W13: 1.4 | X13: 1.6 | Y13: 1.4 | Z13: 1.6 | AA13: 1.4 | AB13: 1.4 | AC13: 1.4 | AD13: 1.6 | AE13: 1.6 | AF13: 1.6 | AG13: 1.4 | AH13: 1.6 | AI13: 1.4 | AJ13: 1.6 | AK13: 1.4 | AL13: 1.6 | AM13: 1.4 | AN13: 1.6 | AO13: 1.4 | AP13: 1.6 | AQ13: 1.6 | AR13: 1.6 | AS13: 1.4 | AT13: 1.6 | AU13: 1.4 | AV13: 1.6 | AW13: 1.4 | AX13: 1.6 | AY13: =SUM(C13:AX13) -> 72
A14: 20240812 | B14: 月曜日 | C14: 1.4 | D14: 1.4 | E14: 1.6 | F14: 1.6 | G14: 1.4 | H14: 1.6 | I14: 1.4 | J14: 1.4 | K14: 1.6 | L14: 1.4 | M14: 1.6 | N14: 1.4 | O14: 1.4 | P14: 1.4 | Q14: 1.6 | R14: 1.6 | S14: 1.6 | T14: 1.4 | U14: 1.4 | V14: 1.6 | W14: 1.4 | X14: 1.6 | Y14: 1.4 | Z14: 1.6 | AA14: 1.4 | AB14: 1.4 | AC14: 1.6 | AD14: 1.6 | AE14: 1.6 | AF14: 1.4 | AG14: 1.6 | AH14: 1.4 | AI14: 1.6 | AJ14: 1.6 | AK14: 1.6 | AL14: 1.4 | AM14: 1.6 | AN14: 1.4 | AO14: 1.6 | AP14: 1.6 | AQ14: 1.6 | AR14: 1.6 | AS14: 1.4 | AT14: 1.4 | AU14: 1.6 | AV14: 1.4 | AW14: 1.6 | AX14: 1.4 | AY14: =SUM(C14:AX14) -> 72.2
... A367: 20250731 | B367: 木曜日 | C367: 1.4 | D367: 1.6 | E367: 1.6 | F367: 1.6 | G367: 1.4 | H367: 1.6 | I367: 1.6 | J367: 1.6 | K367: 1.6 | L367: 1.4 | M367: 1.6 | N367: 1.6 | O367: 2.2 | P367: 2.6 | Q367: 3.4 | R367: 5.4 | S367: 6.6 | T367: 7.2 | U367: 6.8 | V367: 7.6 | W367: 7.4 | X367: 7.6 | Y367: 7.4 | Z367: 8 | AA367: 7.8 | AB367: 6.4 | AC367: 5 | AD367: 5 | AE367: 4.8 | AF367: 4.6 | AG367: 5.8 | AH367: 5.2 | AI367: 4.4 | AJ367: 3.4 | AK367: 3.6 | AL367: 2.8 | AM367: 2.8 | AN367: 2.6 | AO367: 2 | AP367: 1.6 | AQ367: 1.4 | AR367: 1.6 | AS367: 1.4 | AT367: 1.6 | AU367: 1.6 | AV367: 1.4 | AW367: 1.6 | AX367: 1.6 | AY367: =SUM(C367:AX367) -> 170.8
AY368: =SUM(AY3:AY367) -> 44044.4

Sheet 9-2.認定こども園ふるびら幼児センターみらい（動力）
A1: 認定こども園ふるびら幼児センターみらい（低圧電力）
A2: 日付 | B2: 曜日 | C2: 0.020833333 | D2: 0.041666667 | E2: 0.0625 | F2: 0.083333333 | G2: 0.10416667 | H2: 0.125 | I2: 0.14583333 | J2: 0.16666667 | K2: 0.1875 | L2: 0.20833333 | M2: 0.22916667 | N2: 0.25 | O2: 0.27083333 | P2: 0.29166667 | Q2: 0.3125 | R2: 0.33333333 | S2: 0.35416667 | T2: 0.375 | U2: 0.39583333 | V2: 0.41666667 | W2: 0.4375 | X2: 0.45833333 | Y2: 0.47916667 | Z2: 0.5 | AA2: 0.52083333 | AB2: 0.54166667 | AC2: 0.5625 | AD2: 0.58333333 | AE2: 0.60416667 | AF2: 0.625 | AG2: 0.64583333 | AH2: 0.66666667 | AI2: 0.6875 | AJ2: 0.70833333 | AK2: 0.72916667 | AL2: 0.75 | AM2: 0.77083333 | AN2: 0.79166667 | AO2: 0.8125 | AP2: 0.83333333 | AQ2: 0.85416667 | AR2: 0.875 | AS2: 0.89583333 | AT2: 0.91666667 | AU2: 0.9375 | AV2: 0.95833333 | AW2: 0.97916667 | AX2: 0 | AY2: 日別合計
A3: 20240801 | B3: 木曜日 | C3: 0 | D3: 0 | E3: 0.2 | F3: 0.2 | G3: 0 | H3: 0.2 | I3: 0.2 | J3: 0 | K3: 0.2 | L3: 0.2 | M3: 0 | N3: 0.2 | O3: 0.2 | P3: 0 | Q3: 0.2 | R3: 3.4 | S3: 3.8 | T3: 3.6 | U3: 2.8 | V3: 2.4 | W3: 3.4 | X3: 5.2 | Y3: 3.6 | Z3: 3.8 | AA3: 5.8 | AB3: 3.2 | AC3: 3.6 | AD3: 1.6 | AE3: 1.4 | AF3: 1.4 | AG3: 1 | AH3: 2.8 | AI3: 1.8 | AJ3: 0.4 | AK3: 0 | AL3: 0.2 | AM3: 0.2 | AN3: 0 | AO3: 0 | AP3: 0.2 | AQ3: 0 | AR3: 0 | AS3: 0.2 | AT3: 0 | AU3: 0 | AV3: 0.2 | AW3: 0 | AX3: 0.2 | AY3: =SUM(C3:AX3) -> 58
A4: 20240802 | B4: 金曜日 | C4: 0.2 | D4: 0 | E4: 0.2 | F4: 0 | G4: 0 | H4: 0.2 | I4: 0 | J4: 0.2 | K4: 0.2 | L4: 0 | M4: 0 | N4: 0.2 | O4: 0.2 | P4: 0 | Q4: 0.2 | R4: 7 | S4: 6 | T4: 3.6 | U4: 3.6 | V4: 3.4 | W4: 3.8 | X4: 5.2 | Y4: 3.8 | Z4: 4.6 | AA4: 6.4 | AB4: 3.8 | AC4: 3.8 | AD4: 4.4 | AE4: 1.6 | AF4: 1.4 | AG4: 3 | AH4: 4.4 | AI4: 1.4 | AJ4: 0.4 | AK4: 0 | AL4: 0.2 | AM4: 0 | AN4: 0 | AO4: 0.2 | AP4: 0 | AQ4: 0 | AR4: 0 | AS4: 0.2 | AT4: 0 | AU4: 0 | AV4: 0.2 | AW4: 0 | AX4: 0.2 | AY4: =SUM(C4:AX4) -> 74.2
A5: 20240803 | B5: 土曜日 | C5: 0 | D5: 0.2 | E5: 0 | F5: 0.2 | G5: 0 | H5: 0.2 | I5: 0 | J5: 0.2 | K5: 0 | L5: 0.2 | M5: 0 | N5: 0.2 | O5: 0 | P5: 0.2 | Q5: 0.2 | R5: 4 | S5: 4 | T5: 3.8 | U5: 3 | V5: 2.4 | W5: 3.2 | X5: 4 | Y5: 3.8 | Z5: 3.4 | AA5: 4.2 | AB5: 3.2 | AC5: 3.6 | AD5: 5.2 | AE5: 4.8 | AF5: 2 | AG5: 1.8 | AH5: 2.4 | AI5: 1 | AJ5: 0.2 | AK5: 0 | AL5: 0.2 | AM5: 0 | AN5: 0.2 | AO5: 0 | AP5: 0 | AQ5: 0.2 | AR5: 0 | AS5: 0 | AT5: 0.2 | AU5: 0.2 | AV5: 0 | AW5: 0 | AX5: 0 | AY5: =SUM(C5:AX5) -> 62.6
A6: 20240804 | B6: 日曜日 | C6: 0.2 | D6: 0 | E6: 0.2 | F6: 0 | G6: 0 | H6: 0.2 | I6: 0 | J6: 0.2 | K6: 0 | L6: 0.2 | M6: 0 | N6: 0.2 | O6: 0 | P6: 0.2 | Q6: 0.2 | R6: 0 | S6: 0.2 | T6: 0.2 | U6: 0 | V6: 0.2 | W6: 0.2 | X6: 0 | Y6: 0.2 | Z6: 0 | AA6: 0.2 | AB6: 0 | AC6: 0.2 | AD6: 0 | AE6: 0.2 | AF6: 0 | AG6: 0.2 | AH6: 0.2 | AI6: 0 | AJ6: 0 | AK6: 0.2 | AL6: 0 | AM6: 0 | AN6: 0 | AO6: 0.2 | AP6: 0 | AQ6: 0 | AR6: 0.2 | AS6: 0 | AT6: 0.2 | AU6: 0 | AV6: 0.2 | AW6: 0.2 | AX6: 0 | AY6: =SUM(C6:AX6) -> 4.8
A7: 20240805 | B7: 月曜日 | C7: 0 | D7: 0.2 | E7: 0 | F7: 0.2 | G7: 0 | H7: 0.2 | I7: 0 | J7: 0 | K7: 0.2 | L7: 0 | M7: 0.2 | N7: 0.2 | O7: 0 | P7: 0.2 | Q7: 0.2 | R7: 3 | S7: 4 | T7: 4 | U7: 4.4 | V7: 4.4 | W7: 3.4 | X7: 4 | Y7: 3.2 | Z7: 3.8 | AA7: 4.4 | AB7: 3.4 | AC7: 1.8 | AD7: 2.4 | AE7: 1.2 | AF7: 1 | AG7: 1.4 | AH7: 3.8 | AI7: 1.4 | AJ7: 0.4 | AK7: 0.2 | AL7: 0 | AM7: 0.2 | AN7: 0.2 | AO7: 0 | AP7: 0 | AQ7: 0.2 | AR7: 0 | AS7: 0.2 | AT7: 0 | AU7: 0.2 | AV7: 0 | AW7: 0.2 | AX7: 0.2 | AY7: =SUM(C7:AX7) -> 58.6
A8: 20240806 | B8: 火曜日 | C8: 0 | D8: 0.2 | E8: 0.2 | F8: 0 | G8: 0.2 | H8: 0.2 | I8: 0 | J8: 0 | K8: 0.2 | L8: 0 | M8: 0.2 | N8: 0 | O8: 0.2 | P8: 0.2 | Q8: 0 | R8: 3.4 | S8: 3.6 | T8: 3.2 | U8: 2.6 | V8: 3 | W8: 2.6 | X8: 4 | Y8: 3.6 | Z8: 4.4 | AA8: 4.6 | AB8: 2.8 | AC8: 2 | AD8: 2 | AE8: 1.2 | AF8: 1.2 | AG8: 1.4 | AH8: 3.6 | AI8: 1.6 | AJ8: 0.4 | AK8: 0.2 | AL8: 0 | AM8: 0.2 | AN8: 0.2 | AO8: 0 | AP8: 0 | AQ8: 0 | AR8: 0.2 | AS8: 0 | AT8: 0 | AU8: 0.2 | AV8: 0 | AW8: 0.2 | AX8: 0 | AY8: =SUM(C8:AX8) -> 54
A9: 20240807 | B9: 水曜日 | C9: 0 | D9: 0.2 | E9: 0 | F9: 0.2 | G9: 0 | H9: 0.2 | I9: 0 | J9: 0 | K9: 0.2 | L9: 0 | M9: 0.2 | N9: 0.2 | O9: 0 | P9: 0.2 | Q9: 0.2 | R9: 2.2 | S9: 3.8 | T9: 3.8 | U9: 3.6 | V9: 3.2 | W9: 2 | X9: 5.8 | Y9: 4.2 | Z9: 4.8 | AA9: 5 | AB9: 4 | AC9: 2.6 | AD9: 2.2 | AE9: 1.6 | AF9: 1.8 | AG9: 2.8 | AH9: 3.6 | AI9: 1.6 | AJ9: 0.8 | AK9: 0.8 | AL9: 0.4 | AM9: 0.8 | AN9: 0.6 | AO9: 0.4 | AP9: 0.6 | AQ9: 0.4 | AR9: 0.6 | AS9: 0.4 | AT9: 0.4 | AU9: 0.4 | AV9: 0.4 | AW9: 0.4 | AX9: 0.2 | AY9: =SUM(C9:AX9) -> 67.8
A10: 20240808 | B10: 木曜日 | C10: 0.4 | D10: 0.2 | E10: 0.4 | F10: 0.2 | G10: 0.4 | H10: 0.4 | I10: 0.2 | J10: 0.4 | K10: 0.2 | L10: 0.4 | M10: 0.2 | N10: 0.4 | O10: 0.4 | P10: 0.2 | Q10: 0 | R10: 3.2 | S10: 3.8 | T10: 4.4 | U10: 5 | V10: 4 | W10: 6.2 | X10: 3 | Y10: 3.8 | Z10: 4.8 | AA10: 5.2 | AB10: 3.6 | AC10: 2.8 | AD10: 2.6 | AE10: 1.6 | AF10: 1.2 | AG10: 1.4 | AH10: 3.4 | AI10: 1.8 | AJ10: 0.4 | AK10: 0.2 | AL10: 0 | AM10: 0 | AN10: 0.2 | AO10: 0 | AP10: 0 | AQ10: 0.2 | AR10: 0.2 | AS10: 0 | AT10: 0.2 | AU10: 0 | AV10: 0.2 | AW10: 0 | AX10: 0 | AY10: =SUM(C10:AX10) -> 67.8
A11: 20240809 | B11: 金曜日 | C11: 0.2 | D11: 0 | E11: 0.2 | F11: 0.2 | G11: 0 | H11: 0 | I11: 0.2 | J11: 0.2 | K11: 0 | L11: 0.2 | M11: 0 | N11: 0.2 | O11: 0 | P11: 0.2 | Q11: 0 | R11: 4 | S11: 4.4 | T11: 3 | U11: 3 | V11: 3 | W11: 4.2 | X11: 5 | Y11: 3.4 | Z11: 5.2 | AA11: 5.4 | AB11: 4.2 | AC11: 3.8 | AD11: 2.2 | AE11: 1.8 | AF11: 1.8 | AG11: 1.8 | AH11: 3.8 | AI11: 1.8 | AJ11: 0.6 | AK11: 0 | AL11: 0.2 | AM11: 0.2 | AN11: 0 | AO11: 0 | AP11: 0.2 | AQ11: 0 | AR11: 0.2 | AS11: 0 | AT11: 0.2 | AU11: 0 | AV11: 0.2 | AW11: 0 | AX11: 0.2 | AY11: =SUM(C11:AX11) -> 65.4
A12: 20240810 | B12: 土曜日 | C12: 0 | D12: 0 | E12: 0.2 | F12: 0 | G12: 0.2 | H12: 0 | I12: 0.2 | J12: 0.2 | K12: 0 | L12: 0.2 | M12: 0 | N12: 0.2 | O12: 0.2 | P12: 0 | Q12: 0.2 | R12: 3.8 | S12: 3.4 | T12: 2.8 | U12: 4 | V12: 5.4 | W12: 4 | X12: 4.2 | Y12: 2.6 | Z12: 4.4 | AA12: 2.2 | AB12: 2.6 | AC12: 2.2 | AD12: 1.6 | AE12: 2.2 | AF12: 1.4 | AG12: 2.4 | AH12: 2.2 | AI12: 1 | AJ12: 0 | AK12: 0.2 | AL12: 0.2 | AM12: 0 | AN12: 0.2 | AO12: 0 | AP12: 0 | AQ12: 0.2 | AR12: 0 | AS12: 0 | AT12: 0 | AU12: 0.2 | AV12: 0 | AW12: 0 | AX12: 0 | AY12: =SUM(C12:AX12) -> 55
A13: 20240811 | B13: 日曜日 | C13: 0.2 | D13: 0 | E13: 0 | F13: 0.2 | G13: 0 | H13: 0.2 | I13: 0 | J13: 0 | K13: 0.2 | L13: 0.2 | M13: 0 | N13: 0.2 | O13: 0.2 | P13: 0 | Q13: 0.2 | R13: 0 | S13: 0.2 | T13: 0 | U13: 0.2 | V13: 0.2 | W13: 0 | X13: 0.2 | Y13: 0 | Z13: 0.2 | AA13: 0 | AB13: 0.2 | AC13: 0 | AD13: 0 | AE13: 0.2 | AF13: 0 | AG13: 0.2 | AH13: 0.2 | AI13: 0 | AJ13: 0.2 | AK13: 0 | AL13: 0.2 | AM13: 0 | AN13: 0 | AO13: 0.2 | AP13: 0 | AQ13: 0 | AR13: 0 | AS13: 0.2 | AT13: 0 | AU13: 0.2 | AV13: 0 | AW13: 0.2 | AX13: 0 | AY13: =SUM(C13:AX13) -> 4.6
A14: 20240812 | B14: 月曜日 | C14: 0 | D14: 0.2 | E14: 0 | F14: 0 | G14: 0.2 | H14: 0 | I14: 0 | J14: 0.2 | K14: 0.2 | L14: 0 | M14: 0.2 | N14: 0.2 | O14: 0 | P14: 0.2 | Q14: 0 | R14: 0.2 | S14: 0.2 | T14: 0 | U14: 0.2 | V14: 0 | W14: 0.2 | X14: 0 | Y14: 0.2 | Z14: 0 | AA14: 0.2 | AB14: 0.2 | AC14: 0 | AD14: 0 | AE14: 0.2 | AF14: 0 | AG14: 0 | AH14: 0.2 | AI14: 0 | AJ14: 0 | AK14: 0.2 | AL14: 0.2 | AM14: 0 | AN14: 0 | AO14: 0.2 | AP14: 0 | AQ14: 0 | AR14: 0.2 | AS14: 0 | AT14: 0.2 | AU14: 0 | AV14: 0.2 | AW14: 0.2 | AX14: 0 | AY14: =SUM(C14:AX14) -> 4.6
... A367: 20250731 | B367: 木曜日 | C367: 0 | D367: 0 | E367: 0.2 | F367: 0 | G367: 0 | H367: 0.2 | I367: 0 | J367: 0 | K367: 0.2 | L367: 0 | M367: 0.2 | N367: 0 | O367: 0.2 | P367: 0 | Q367: 0.2 | R367: 4.2 | S367: 4 | T367: 3 | U367: 3.2 | V367: 4 | W367: 4.2 | X367: 4.4 | Y367: 4 | Z367: 3.4 | AA367: 5.6 | AB367: 3.8 | AC367: 4.4 | AD367: 3.4 | AE367: 2.6 | AF367: 1.8 | AG367: 1.2 | AH367: 3.2 | AI367: 1.4 | AJ367: 0.4 | AK367: 0 | AL367: 0.2 | AM367: 0 | AN367: 0.2 | AO367: 0 | AP367: 0 | AQ367: 0.2 | AR367: 0 | AS367: 0 | AT367: 0.2 | AU367: 0 | AV367: 0 | AW367: 0.2 | AX367: 0 | AY367: =SUM(C367:AX367) -> 64.4
AY368: =SUM(AY3:AY367) -> 20757.8

Sheet 9-3.認定こども園ふるびら幼児センターみらい（融雪）
A1: 認定こども園ふるびら幼児センターみらい（融雪用電力）
A2: 日付 | B2: 曜日 | C2: 0.020833333 | D2: 0.041666667 | E2: 0.0625 | F2: 0.083333333 | G2: 0.10416667 | H2: 0.125 | I2: 0.14583333 | J2: 0.16666667 | K2: 0.1875 | L2: 0.20833333 | M2: 0.22916667 | N2: 0.25 | O2: 0.27083333 | P2: 0.29166667 | Q2: 0.3125 | R2: 0.33333333 | S2: 0.35416667 | T2: 0.375 | U2: 0.39583333 | V2: 0.41666667 | W2: 0.4375 | X2: 0.45833333 | Y2: 0.47916667 | Z2: 0.5 | AA2: 0.52083333 | AB2: 0.54166667 | AC2: 0.5625 | AD2: 0.58333333 | AE2: 0.60416667 | AF2: 0.625 | AG2: 0.64583333 | AH2: 0.66666667 | AI2: 0.6875 | AJ2: 0.70833333 | AK2: 0.72916667 | AL2: 0.75 | AM2: 0.77083333 | AN2: 0.79166667 | AO2: 0.8125 | AP2: 0.83333333 | AQ2: 0.85416667 | AR2: 0.875 | AS2: 0.89583333 | AT2: 0.91666667 | AU2: 0.9375 | AV2: 0.95833333 | AW2: 0.97916667 | AX2: 0 | AY2: 日別合計
A3: 20240801 | B3: 木曜日 | C3: 0 | D3: 0 | E3: 0 | F3: 0 | G3: 0 | H3: 0 | I3: 0 | J3: 0 | K3: 0 | L3: 0 | M3: 0 | N3: 0 | O3: 0 | P3: 0 | Q3: 0 | R3: 0 | S3: 0 | T3: 0 | U3: 0 | V3: 0.2 | W3: 0.2 | X3: 0.2 | Y3: 0.2 | Z3: 0.2 | AA3: 0.2 | AB3: 0.2 | AC3: 0.2 | AD3: 0 | AE3: 0.2 | AF3: 0.2 | AG3: 0.2 | AH3: 0.2 | AI3: 0.2 | AJ3: 0.2 | AK3: 0.2 | AL3: 0.2 | AM3: 0.2 | AN3: 0 | AO3: 0 | AP3: 0 | AQ3: 0 | AR3: 0 | AS3: 0 | AT3: 0 | AU3: 0 | AV3: 0 | AW3: 0 | AX3: 0 | AY3: =SUM(C3:AX3) -> 3.4
A4: 20240802 | B4: 金曜日 | C4: 0 | D4: 0 | E4: 0 | F4: 0 | G4: 0 | H4: 0 | I4: 0 | J4: 0 | K4: 0 | L4: 0 | M4: 0 | N4: 0 | O4: 0 | P4: 0 | Q4: 0 | R4: 0 | S4: 0 | T4: 0.4 | U4: 0.8 | V4: 0.6 | W4: 0.6 | X4: 0.6 | Y4: 0.4 | Z4: 0.4 | AA4: 0.2 | AB4: 0.4 | AC4: 0.2 | AD4: 0.4 | AE4: 0.8 | AF4: 0.8 | AG4: 0.8 | AH4: 0.6 | AI4: 0.8 | AJ4: 0.8 | AK4: 0.6 | AL4: 0.8 | AM4: 0.6 | AN4: 0 | AO4: 0 | AP4: 0 | AQ4: 0 | AR4: 0 | AS4: 0 | AT4: 0 | AU4: 0 | AV4: 0 | AW4: 0 | AX4: 0 | AY4: =SUM(C4:AX4) -> 11.6
A5: 20240803 | B5: 土曜日 | C5: 0 | D5: 0 | E5: 0 | F5: 0 | G5: 0 | H5: 0 | I5: 0 | J5: 0 | K5: 0 | L5: 0 | M5: 0 | N5: 0 | O5: 0 | P5: 0 | Q5: 0 | R5: 0.2 | S5: 0.2 | T5: 0.2 | U5: 0.2 | V5: 1 | W5: 1 | X5: 0.4 | Y5: 0.4 | Z5: 0.4 | AA5: 0.6 | AB5: 0.6 | AC5: 0.6 | AD5: 1 | AE5: 0.8 | AF5: 0.6 | AG5: 0.8 | AH5: 0.6 | AI5: 0.2 | AJ5: 0.4 | AK5: 0.2 | AL5: 0.2 | AM5: 0.2 | AN5: 0 | AO5: 0 | AP5: 0 | AQ5: 0 | AR5: 0 | AS5: 0 | AT5: 0 | AU5: 0 | AV5: 0 | AW5: 0 | AX5: 0 | AY5: =SUM(C5:AX5) -> 10.8
A6: 20240804 | B6: 日曜日 | C6: 0 | D6: 0 | E6: 0 | F6: 0 | G6: 0 | H6: 0 | I6: 0 | J6: 0 | K6: 0 | L6: 0 | M6: 0 | N6: 0 | O6: 0 | P6: 0 | Q6: 0 | R6: 0 | S6: 0 | T6: 0 | U6: 0 | V6: 0 | W6: 0 | X6: 0 | Y6: 0 | Z6: 0 | AA6: 0 | AB6: 0 | AC6: 0 | AD6: 0 | AE6: 0 | AF6: 0 | AG6: 0 | AH6: 0 | AI6: 0 | AJ6: 0 | AK6: 0 | AL6: 0 | AM6: 0 | AN6: 0 | AO6: 0 | AP6: 0 | AQ6: 0 | AR6: 0 | AS6: 0 | AT6: 0 | AU6: 0 | AV6: 0 | AW6: 0 | AX6: 0 | AY6: =SUM(C6:AX6) -> 0
A7: 20240805 | B7: 月曜日 | C7: 0 | D7: 0 | E7: 0 | F7: 0 | G7: 0 | H7: 0 | I7: 0 | J7: 0 | K7: 0 | L7: 0 | M7: 0 | N7: 0 | O7: 0 | P7: 0 | Q7: 0 | R7: 0 | S7: 0 | T7: 0 | U7: 0 | V7: 0 | W7: 0.2 | X7: 0.2 | Y7: 0 | Z7: 0.2 | AA7: 0.2 | AB7: 0.2 | AC7: 0 | AD7: 0.2 | AE7: 0.2 | AF7: 0.2 | AG7: 0 | AH7: 0.2 | AI7: 0.2 | AJ7: 0 | AK7: 0.2 | AL7: 0.2 | AM7: 0.2 | AN7: 0 | AO7: 0 | AP7: 0 | AQ7: 0 | AR7: 0 | AS7: 0 | AT7: 0 | AU7: 0 | AV7: 0 | AW7: 0 | AX7: 0 | AY7: =SUM(C7:AX7) -> 2.6
A8: 20240806 | B8: 火曜日 | C8: 0 | D8: 0 | E8: 0 | F8: 0 | G8: 0 | H8: 0 | I8: 0 | J8: 0 | K8: 0 | L8: 0 | M8: 0 | N8: 0 | O8: 0 | P8: 0 | Q8: 0 | R8: 0 | S8: 0.2 | T8: 0.2 | U8: 0.2 | V8: 0 | W8: 0.2 | X8: 0.2 | Y8: 0.2 | Z8: 0 | AA8: 0.2 | AB8: 0.2 | AC8: 0.2 | AD8: 0 | AE8: 0.2 | AF8: 0.2 | AG8: 0.2 | AH8: 0.2 | AI8: 0.2 | AJ8: 0.2 | AK8: 0.2 | AL8: 0.2 | AM8: 0 | AN8: 0 | AO8: 0 | AP8: 0 | AQ8: 0 | AR8: 0 | AS8: 0 | AT8: 0 | AU8: 0 | AV8: 0 | AW8: 0 | AX8: 0 | AY8: =SUM(C8:AX8) -> 3.4
A9: 20240807 | B9: 水曜日 | C9: 0 | D9: 0 | E9: 0 | F9: 0 | G9: 0 | H9: 0 | I9: 0 | J9: 0 | K9: 0 | L9: 0 | M9: 0 | N9: 0 | O9: 0 | P9: 0 | Q9: 0 | R9: 0 | S9: 0.2 | T9: 0 | U9: 0.2 | V9: 0.2 | W9: 0.2 | X9: 0.2 | Y9: 0.2 | Z9: 0.2 | AA9: 0 | AB9: 0.2 | AC9: 0.4 | AD9: 0.8 | AE9: 1 | AF9: 0.8 | AG9: 0.8 | AH9: 0.8 | AI9: 0.8 | AJ9: 0.6 | AK9: 0.8 | AL9: 0.6 | AM9: 0.8 | AN9: 0.6 | AO9: 0 | AP9: 0 | AQ9: 0 | AR9: 0 | AS9: 0 | AT9: 0 | AU9: 0 | AV9: 0 | AW9: 0 | AX9: 0 | AY9: =SUM(C9:AX9) -> 10.4
A10: 20240808 | B10: 木曜日 | C10: 0 | D10: 0 | E10: 0 | F10: 0 | G10: 0 | H10: 0 | I10: 0 | J10: 0 | K10: 0 | L10: 0 | M10: 0 | N10: 0 | O10: 0 | P10: 0 | Q10: 0 | R10: 0.2 | S10: 0.2 | T10: 0.4 | U10: 0.8 | V10: 0.8 | W10: 0.8 | X10: 0.8 | Y10: 0.6 | Z10: 0.6 | AA10: 0.6 | AB10: 0.4 | AC10: 0.2 | AD10: 0.4 | AE10: 0.8 | AF10: 0.6 | AG10: 0.8 | AH10: 0.6 | AI10: 0.6 | AJ10: 0.6 | AK10: 0.8 | AL10: 0.6 | AM10: 0.4 | AN10: 0.6 | AO10: 0 | AP10: 0 | AQ10: 0 | AR10: 0 | AS10: 0 | AT10: 0 | AU10: 0 | AV10: 0 | AW10: 0 | AX10: 0 | AY10: =SUM(C10:AX10) -> 13.2
A11: 20240809 | B11: 金曜日 | C11: 0 | D11: 0 | E11: 0 | F11: 0 | G11: 0 | H11: 0 | I11: 0 | J11: 0 | K11: 0 | L11: 0 | M11: 0 | N11: 0 | O11: 0 | P11: 0 | Q11: 0 | R11: 0 | S11: 0 | T11: 0.4 | U11: 0.6 | V11: 0.8 | W11: 0.6 | X11: 0.6 | Y11: 0.6 | Z11: 0.6 | AA11: 0.4 | AB11: 0.4 | AC11: 0.2 | AD11: 0.4 | AE11: 0.6 | AF11: 0.6 | AG11: 0.6 | AH11: 0.6 | AI11: 0.6 | AJ11: 0.4 | AK11: 0.6 | AL11: 0.6 | AM11: 0.4 | AN11: 0.4 | AO11: 0 | AP11: 0 | AQ11: 0 | AR11: 0 | AS11: 0 | AT11: 0 | AU11: 0 | AV11: 0 | AW11: 0 | AX11: 0 | AY11: =SUM(C11:AX11) -> 11
A12: 20240810 | B12: 土曜日 | C12: 0 | D12: 0 | E12: 0 | F12: 0 | G12: 0 | H12: 0 | I12: 0 | J12: 0 | K12: 0 | L12: 0 | M12: 0 | N12: 0 | O12: 0 | P12: 0 | Q12: 0 | R12: 0.2 | S12: 0.2 | T12: 0 | U12: 0.2 | V12: 0.2 | W12: 0.2 | X12: 0 | Y12: 0.2 | Z12: 0.2 | AA12: 0.2 | AB12: 0.2 | AC12: 0.2 | AD12: 0 | AE12: 0.2 | AF12: 0.2 | AG12: 0.2 | AH12: 0.2 | AI12: 0.2 | AJ12: 0 | AK12: 0.2 | AL12: 0 | AM12: 0 | AN12: 0 | AO12: 0 | AP12: 0 | AQ12: 0 | AR12: 0 | AS12: 0 | AT12: 0 | AU12: 0 | AV12: 0 | AW12: 0 | AX12: 0 | AY12: =SUM(C12:AX12) -> 3.2
A13: 20240811 | B13: 日曜日 | C13: 0 | D13: 0 | E13: 0 | F13: 0 | G13: 0 | H13: 0 | I13: 0 | J13: 0 | K13: 0 | L13: 0 | M13: 0 | N13: 0 | O13: 0 | P13: 0 | Q13: 0 | R13: 0 | S13: 0 | T13: 0 | U13: 0 | V13: 0 | W13: 0 | X13: 0 | Y13: 0 | Z13: 0 | AA13: 0 | AB13: 0 | AC13: 0 | AD13: 0 | AE13: 0 | AF13: 0 | AG13: 0 | AH13: 0 | AI13: 0 | AJ13: 0 | AK13: 0 | AL13: 0 | AM13: 0 | AN13: 0 | AO13: 0 | AP13: 0 | AQ13: 0 | AR13: 0 | AS13: 0 | AT13: 0 | AU13: 0 | AV13: 0 | AW13: 0 | AX13: 0 | AY13: =SUM(C13:AX13) -> 0
A14: 20240812 | B14: 月曜日 | C14: 0 | D14: 0 | E14: 0 | F14: 0 | G14: 0 | H14: 0 | I14: 0 | J14: 0 | K14: 0 | L14: 0 | M14: 0 | N14: 0 | O14: 0 | P14: 0 | Q14: 0 | R14: 0 | S14: 0 | T14: 0 | U14: 0 | V14: 0 | W14: 0 | X14: 0 | Y14: 0 | Z14: 0 | AA14: 0 | AB14: 0 | AC14: 0 | AD14: 0 | AE14: 0 | AF14: 0 | AG14: 0 | AH14: 0 | AI14: 0 | AJ14: 0 | AK14: 0 | AL14: 0 | AM14: 0 | AN14: 0 | AO14: 0 | AP14: 0 | AQ14: 0 | AR14: 0 | AS14: 0 | AT14: 0 | AU14: 0 | AV14: 0 | AW14: 0 | AX14: 0 | AY14: =SUM(C14:AX14) -> 0
... A367: 20250731 | B367: 木曜日 | C367: 0 | D367: 0 | E367: 0 | F367: 0 | G367: 0 | H367: 0 | I367: 0 | J367: 0 | K367: 0 | L367: 0 | M367: 0 | N367: 0 | O367: 0 | P367: 0 | Q367: 0.8 | R367: 1.8 | S367: 1.2 | T367: 1.4 | U367: 1.2 | V367: 1.2 | W367: 1 | X367: 0.8 | Y367: 1 | Z367: 1.2 | AA367: 1.2 | AB367: 1 | AC367: 1.2 | AD367: 1 | AE367: 1 | AF367: 1 | AG367: 1 | AH367: 1 | AI367: 0.8 | AJ367: 0.8 | AK367: 1 | AL367: 0.8 | AM367: 0.8 | AN367: 0.8 | AO367: 0 | AP367: 0 | AQ367: 0 | AR367: 0 | AS367: 0 | AT367: 0 | AU367: 0 | AV367: 0 | AW367: 0 | AX367: 0 | AY367: =SUM(C367:AX367) -> 25
AY368: =SUM(AY3:AY367) -> 11301.8

Sheet 道の駅
A1: 道の駅
A2: 日付 | B2: 曜日 | C2: 0.020833333 | D2: 0.041666667 | E2: 0.0625 | F2: 0.083333333 | G2: 0.10416667 | H2: 0.125 | I2: 0.14583333 | J2: 0.16666667 | K2: 0.1875 | L2: 0.20833333 | M2: 0.22916667 | N2: 0.25 | O2: 0.27083333 | P2: 0.29166667 | Q2: 0.3125 | R2: 0.33333333 | S2: 0.35416667 | T2: 0.375 | U2: 0.39583333 | V2: 0.41666667 | W2: 0.4375 | X2: 0.45833333 | Y2: 0.47916667 | Z2: 0.5 | AA2: 0.52083333 | AB2: 0.54166667 | AC2: 0.5625 | AD2: 0.58333333 | AE2: 0.60416667 | AF2: 0.625 | AG2: 0.64583333 | AH2: 0.66666667 | AI2: 0.6875 | AJ2: 0.70833333 | AK2: 0.72916667 | AL2: 0.75 | AM2: 0.77083333 | AN2: 0.79166667 | AO2: 0.8125 | AP2: 0.83333333 | AQ2: 0.85416667 | AR2: 0.875 | AS2: 0.89583333 | AT2: 0.91666667 | AU2: 0.9375 | AV2: 0.95833333 | AW2: 0.97916667 | AX2: 0 | AY2: 日別合計
A3: 20240801 | B3: 木曜日 | C3: 16 | D3: 16 | E3: 16 | F3: 12 | G3: 16 | H3: 12 | I3: 16 | J3: 16 | K3: 16 | L3: 12 | M3: 12 | N3: 16 | O3: 16 | P3: 16 | Q3: 12 | R3: 16 | S3: 32 | T3: 40 | U3: 44 | V3: 52 | W3: 68 | X3: 76 | Y3: 76 | Z3: 68 | AA3: 68 | AB3: 100 | AC3: 76 | AD3: 64 | AE3: 72 | AF3: 68 | AG3: 64 | AH3: 64 | AI3: 68 | AJ3: 64 | AK3: 64 | AL3: 56 | AM3: 44 | AN3: 36 | AO3: 32 | AP3: 28 | AQ3: 28 | AR3: 24 | AS3: 28 | AT3: 20 | AU3: 20 | AV3: 20 | AW3: 20 | AX3: 20 | AY3: =SUM(C3:AX3) -> 1840
A4: 20240802 | B4: 金曜日 | C4: 16 | D4: 16 | E4: 16 | F4: 16 | G4: 12 | H4: 16 | I4: 12 | J4: 16 | K4: 12 | L4: 16 | M4: 16 | N4: 12 | O4: 16 | P4: 12 | Q4: 16 | R4: 16 | S4: 20 | T4: 48 | U4: 48 | V4: 60 | W4: 72 | X4: 68 | Y4: 72 | Z4: 124 | AA4: 72 | AB4: 68 | AC4: 72 | AD4: 72 | AE4: 64 | AF4: 72 | AG4: 68 | AH4: 68 | AI4: 68 | AJ4: 68 | AK4: 64 | AL4: 64 | AM4: 60 | AN4: 44 | AO4: 32 | AP4: 36 | AQ4: 20 | AR4: 20 | AS4: 20 | AT4: 16 | AU4: 20 | AV4: 16 | AW4: 16 | AX4: 12 | AY4: =SUM(C4:AX4) -> 1880
A5: 20240803 | B5: 土曜日 | C5: 24 | D5: 20 | E5: 12 | F5: 16 | G5: 16 | H5: 12 | I5: 16 | J5: 16 | K5: 12 | L5: 16 | M5: 16 | N5: 12 | O5: 16 | P5: 16 | Q5: 12 | R5: 20 | S5: 48 | T5: 44 | U5: 44 | V5: 68 | W5: 68 | X5: 76 | Y5: 72 | Z5: 72 | AA5: 72 | AB5: 72 | AC5: 72 | AD5: 72 | AE5: 72 | AF5: 68 | AG5: 68 | AH5: 72 | AI5: 64 | AJ5: 64 | AK5: 68 | AL5: 60 | AM5: 60 | AN5: 44 | AO5: 28 | AP5: 32 | AQ5: 32 | AR5: 32 | AS5: 32 | AT5: 32 | AU5: 28 | AV5: 28 | AW5: 28 | AX5: 24 | AY5: =SUM(C5:AX5) -> 1968
A6: 20240804 | B6: 日曜日 | C6: 16 | D6: 24 | E6: 20 | F6: 24 | G6: 20 | H6: 24 | I6: 20 | J6: 24 | K6: 20 | L6: 20 | M6: 24 | N6: 20 | O6: 20 | P6: 24 | Q6: 20 | R6: 24 | S6: 40 | T6: 40 | U6: 48 | V6: 60 | W6: 68 | X6: 68 | Y6: 68 | Z6: 60 | AA6: 60 | AB6: 60 | AC6: 64 | AD6: 60 | AE6: 60 | AF6: 60 | AG6: 64 | AH6: 60 | AI6: 56 | AJ6: 60 | AK6: 52 | AL6: 48 | AM6: 36 | AN6: 28 | AO6: 32 | AP6: 32 | AQ6: 36 | AR6: 32 | AS6: 32 | AT6: 28 | AU6: 28 | AV6: 20 | AW6: 16 | AX6: 20 | AY6: =SUM(C6:AX6) -> 1840
A7: 20240805 | B7: 月曜日 | C7: 16 | D7: 16 | E7: 16 | F7: 16 | G7: 16 | H7: 16 | I7: 12 | J7: 16 | K7: 16 | L7: 12 | M7: 16 | N7: 16 | O7: 12 | P7: 16 | Q7: 12 | R7: 16 | S7: 24 | T7: 48 | U7: 48 | V7: 64 | W7: 80 | X7: 72 | Y7: 76 | Z7: 68 | AA7: 64 | AB7: 64 | AC7: 64 | AD7: 64 | AE7: 68 | AF7: 60 | AG7: 68 | AH7: 60 | AI7: 60 | AJ7: 60 | AK7: 60 | AL7: 48 | AM7: 44 | AN7: 28 | AO7: 32 | AP7: 24 | AQ7: 28 | AR7: 16 | AS7: 16 | AT7: 16 | AU7: 16 | AV7: 16 | AW7: 16 | AX7: 16 | AY7: =SUM(C7:AX7) -> 1728
A8: 20240806 | B8: 火曜日 | C8: 16 | D8: 16 | E8: 16 | F8: 16 | G8: 12 | H8: 16 | I8: 12 | J8: 16 | K8: 12 | L8: 16 | M8: 12 | N8: 12 | O8: 16 | P8: 12 | Q8: 12 | R8: 16 | S8: 40 | T8: 48 | U8: 44 | V8: 52 | W8: 60 | X8: 68 | Y8: 64 | Z8: 64 | AA8: 64 | AB8: 64 | AC8: 64 | AD8: 64 | AE8: 60 | AF8: 72 | AG8: 60 | AH8: 56 | AI8: 56 | AJ8: 52 | AK8: 44 | AL8: 40 | AM8: 40 | AN8: 32 | AO8: 28 | AP8: 28 | AQ8: 24 | AR8: 24 | AS8: 20 | AT8: 20 | AU8: 20 | AV8: 16 | AW8: 16 | AX8: 16 | AY8: =SUM(C8:AX8) -> 1648
A9: 20240807 | B9: 水曜日 | C9: 16 | D9: 16 | E9: 20 | F9: 16 | G9: 12 | H9: 16 | I9: 16 | J9: 16 | K9: 16 | L9: 12 | M9: 16 | N9: 16 | O9: 16 | P9: 16 | Q9: 16 | R9: 16 | S9: 24 | T9: 44 | U9: 44 | V9: 52 | W9: 60 | X9: 64 | Y9: 60 | Z9: 56 | AA9: 64 | AB9: 56 | AC9: 52 | AD9: 60 | AE9: 56 | AF9: 60 | AG9: 52 | AH9: 48 | AI9: 36 | AJ9: 52 | AK9: 40 | AL9: 36 | AM9: 28 | AN9: 24 | AO9: 28 | AP9: 24 | AQ9: 20 | AR9: 20 | AS9: 24 | AT9: 24 | AU9: 20 | AV9: 24 | AW9: 16 | AX9: 20 | AY9: =SUM(C9:AX9) -> 1540
A10: 20240808 | B10: 木曜日 | C10: 16 | D10: 16 | E10: 16 | F10: 16 | G10: 16 | H10: 16 | I10: 16 | J10: 12 | K10: 16 | L10: 16 | M10: 16 | N10: 16 | O10: 12 | P10: 16 | Q10: 16 | R10: 16 | S10: 16 | T10: 32 | U10: 44 | V10: 44 | W10: 48 | X10: 48 | Y10: 48 | Z10: 52 | AA10: 48 | AB10: 52 | AC10: 48 | AD10: 56 | AE10: 56 | AF10: 56 | AG10: 56 | AH10: 52 | AI10: 56 | AJ10: 48 | AK10: 44 | AL10: 36 | AM10: 32 | AN10: 28 | AO10: 24 | AP10: 28 | AQ10: 24 | AR10: 24 | AS10: 28 | AT10: 24 | AU10: 24 | AV10: 24 | AW10: 20 | AX10: 16 | AY10: =SUM(C10:AX10) -> 1484
A11: 20240809 | B11: 金曜日 | C11: 20 | D11: 16 | E11: 12 | F11: 16 | G11: 16 | H11: 12 | I11: 16 | J11: 16 | K11: 12 | L11: 16 | M11: 16 | N11: 12 | O11: 16 | P11: 12 | Q11: 20 | R11: 16 | S11: 16 | T11: 40 | U11: 44 | V11: 112 | W11: 112 | X11: 64 | Y11: 64 | Z11: 68 | AA11: 68 | AB11: 68 | AC11: 68 | AD11: 60 | AE11: 68 | AF11: 68 | AG11: 64 | AH11: 68 | AI11: 60 | AJ11: 68 | AK11: 60 | AL11: 60 | AM11: 56 | AN11: 32 | AO11: 36 | AP11: 28 | AQ11: 28 | AR11: 28 | AS11: 28 | AT11: 24 | AU11: 28 | AV11: 24 | AW11: 24 | AX11: 20 | AY11: =SUM(C11:AX11) -> 1900
A12: 20240810 | B12: 土曜日 | C12: 16 | D12: 20 | E12: 16 | F12: 16 | G12: 16 | H12: 16 | I12: 12 | J12: 12 | K12: 16 | L12: 12 | M12: 16 | N12: 12 | O12: 16 | P12: 12 | Q12: 16 | R12: 16 | S12: 16 | T12: 52 | U12: 48 | V12: 52 | W12: 72 | X12: 72 | Y12: 72 | Z12: 68 | AA12: 72 | AB12: 64 | AC12: 72 | AD12: 68 | AE12: 72 | AF12: 72 | AG12: 132 | AH12: 68 | AI12: 68 | AJ12: 64 | AK12: 68 | AL12: 60 | AM12: 48 | AN12: 36 | AO12: 28 | AP12: 28 | AQ12: 28 | AR12: 20 | AS12: 24 | AT12: 28 | AU12: 28 | AV12: 24 | AW12: 24 | AX12: 20 | AY12: =SUM(C12:AX12) -> 1908
A13: 20240811 | B13: 日曜日 | C13: 24 | D13: 20 | E13: 16 | F13: 16 | G13: 20 | H13: 16 | I13: 16 | J13: 16 | K13: 16 | L13: 20 | M13: 16 | N13: 16 | O13: 16 | P13: 20 | Q13: 20 | R13: 24 | S13: 56 | T13: 68 | U13: 52 | V13: 156 | W13: 76 | X13: 72 | Y13: 72 | Z13: 76 | AA13: 76 | AB13: 76 | AC13: 72 | AD13: 68 | AE13: 72 | AF13: 72 | AG13: 68 | AH13: 72 | AI13: 68 | AJ13: 72 | AK13: 68 | AL13: 64 | AM13: 56 | AN13: 64 | AO13: 52 | AP13: 44 | AQ13: 40 | AR13: 36 | AS13: 36 | AT13: 36 | AU13: 36 | AV13: 36 | AW13: 32 | AX13: 32 | AY13: =SUM(C13:AX13) -> 2268
A14: 20240812 | B14: 月曜日 | C14: 24 | D14: 16 | E14: 16 | F14: 16 | G14: 16 | H14: 12 | I14: 16 | J14: 16 | K14: 16 | L14: 16 | M14: 16 | N14: 16 | O14: 12 | P14: 20 | Q14: 12 | R14: 24 | S14: 28 | T14: 48 | U14: 64 | V14: 68 | W14: 68 | X14: 68 | Y14: 64 | Z14: 68 | AA14: 72 | AB14: 72 | AC14: 72 | AD14: 72 | AE14: 72 | AF14: 72 | AG14: 68 | AH14: 68 | AI14: 72 | AJ14: 64 | AK14: 68 | AL14: 64 | AM14: 60 | AN14: 52 | AO14: 44 | AP14: 28 | AQ14: 28 | AR14: 28 | AS14: 28 | AT14: 24 | AU14: 24 | AV14: 24 | AW14: 24 | AX14: 20 | AY14: =SUM(C14:AX14) -> 1960
... A367: 20250731 | B367: 木曜日 | C367: 16 | D367: 20 | E367: 12 | F367: 16 | G367: 16 | H367: 12 | I367: 16 | J367: 12 | K367: 16 | L367: 16 | M367: 12 | N367: 16 | O367: 12 | P367: 16 | Q367: 16 | R367: 16 | S367: 20 | T367: 36 | U367: 44 | V367: 64 | W367: 72 | X367: 64 | Y367: 64 | Z367: 60 | AA367: 60 | AB367: 64 | AC367: 64 | AD367: 64 | AE367: 60 | AF367: 60 | AG367: 60 | AH367: 60 | AI367: 60 | AJ367: 60 | AK367: 52 | AL367: 40 | AM367: 36 | AN367: 28 | AO367: 20 | AP367: 24 | AQ367: 20 | AR367: 16 | AS367: 16 | AT367: 20 | AU367: 16 | AV367: 12 | AW367: 16 | AX367: 16 | AY367: =SUM(C367:AX367) -> 1608
AY368: =SUM(AY3:AY367) -> 586924
